,car_type,firm,area,km,cost,year of prudaction,time of ad
0,רכב פרטי,מאזדה - 3,תל אביב,19000,"102,000 ₪",2017,24 ימים 
1,רכב פרטי,קיה - סיד,רמלה - לוד,175000,"43,210 ₪",2016,5 שעות 
2,רכב פרטי,מרצדס - E-CLASS,חיפה וחוף הכרמל,129000,"70,000 ₪",2009,5 שעות 
3,רכב פרטי,מאזדה - 5,חיפה וחוף הכרמל,144000,"57,000 ₪",2012,4 דקות 
4,רכב פרטי,מאזדה - 3,חיפה וחוף הכרמל,138853,"38,500 ₪",2010,5 שעות 
5,רכב פרטי,ב.מ.וו - סדרה 5,גדרה יבנה והסביבה,195000,"17,000 ₪",2000,7 שעות 
6,רכב פרטי,פיג’ו - 208,עכו - נהריה,65000,"49,000 ₪",2017,4 דקות 
7,רכב פרטי,מאזדה - 3,חיפה וחוף הכרמל,121661,"63,000 ₪",2016,4 דקות 
8,רכב פרטי,הונדה - ג’אז,נס ציונה - רחובות,21500,"78,000 ₪",2017,7 שעות 
9,רכב פרטי,מאזדה - 5,רמת גן - גבעתיים,200000,"29,500 ₪",2007,9 שעות 
10,רכב פרטי,מאזדה - 3,רמת השרון - הרצליה,230000,"8,500 ₪",2006,12 שעות 
11,רכב פרטי,מאזדה - 3,חיפה וחוף הכרמל,85000,"94,000 ₪",2018,12 שעות 
12,רכב פרטי,פורד - פיאסטה,אשדוד - אשקלון,159000,"27,000 ₪",2014,11 שעות 
13,רכב פרטי,יונדאי - i10,אשדוד - אשקלון,70000,"57,999 ₪",2019,4 דקות 
14,רכב פרטי,פיאט - 500X,מושבים בשרון,36000,"69,000 ₪",2017,4 דקות 
15,רכב פרטי,טויוטה - יאריס,חיפה וחוף הכרמל,40000,"78,000 ₪",2017,4 דקות 
16,רכב פרטי,טויוטה - אוריס,גדרה יבנה והסביבה,132500,"70,000 ₪",2015,1 ימים 
17,רכב פרטי,מאזדה - 5,פתח תקוה והסביבה,165000,"29,000 ₪",2008,1 ימים 
18,רכב פרטי,יונדאי - אלנטרה,"ראשל""צ והסביבה",59087,"94,800 ₪",2019,1 ימים 
19,רכב פרטי,סוזוקי - בלנו,מושבים בשרון,38000,"73,000 ₪",2019,4 דקות 
20,רכב פרטי,יונדאי - i35,חיפה וחוף הכרמל,116000,"65,000 ₪",2012,4 דקות 
21,רכב פרטי,פיג’ו - 2008,חיפה וחוף הכרמל,31000,"36,000 ₪",2016,1 ימים 
22,רכב פרטי,מאזדה - 3,נס ציונה - רחובות,210000,"14,500 ₪",2009,4 דקות 
23,רכב פרטי,טויוטה - יאריס,רמת השרון - הרצליה,31000,"82,000 ₪",2018,4 דקות 
24,רכב פרטי,סקודה - סופרב,ירושלים והסביבה,0,"65,000 ₪",2014,1 ימים 
25,רכב פרטי,שברולט - מאליבו,בקעת אונו,123000,"18,500 ₪",2007,2 ימים 
26,רכב פרטי,מאזדה - 5,רמלה - לוד,285000,"23,000 ₪",2008,1 ימים 
27,רכב פרטי,מאזדה - 3,חיפה וחוף הכרמל,145000,"56,000 ₪",2016,4 דקות 
28,רכב פרטי,קיה - פיקנטו,חולון - בת ים,1500,"75,000 ₪",2022,1 ימים 
29,רכב פרטי,סובארו - XV,"ראשל""צ והסביבה",109000,"95,000 ₪",2017,1 ימים 
30,רכב פרטי,סובארו - אאוטבק,חיפה וחוף הכרמל,80000,"30,000 ₪",2016,2 ימים 
31,רכב פרטי,שברולט - קרוז,מושבים בשרון,87000,"25,000 ₪",2014,4 דקות 
32,רכב פרטי,קיה - פיקנטו,פתח תקוה והסביבה,15600,"75,900 ₪",2020,2 ימים 
33,רכב פרטי,סוזוקי - SX4,מושבים בצפון,270274,"14,500 ₪",2008,2 ימים 
34,רכב פרטי,אופל - אסטרה,מושבים בשרון,200000,"14,500 ₪",2013,2 ימים 
35,רכב פרטי,טויוטה - פריוס,תל אביב,96000,"20,000 ₪",2011,2 ימים 
36,רכב פרטי,טויוטה - יאריס,חיפה וחוף הכרמל,50000,"67,000 ₪",2016,4 דקות 
37,רכב פרטי,מאזדה - 3,נס ציונה - רחובות,170000,"47,000 ₪",2014,4 דקות 
38,רכב פרטי,סקודה - אוקטביה,מושבים בשרון,98000,"54,000 ₪",2014,4 דקות 
39,רכב פרטי,אאודי - A7,ירושלים והסביבה,61400,"230,000 ₪",2019,2 ימים 
40,רכב פרטי,סוזוקי - איגניס,חיפה וחוף הכרמל,36000,"61,000 ₪",2017,4 דקות 
41,רכב פרטי,הונדה - סיוויק,בקעת אונו,169000,"14,000 ₪",2004,2 ימים 
42,רכב פרטי,פיאט - פונטו ספייס,פתח תקוה והסביבה,121000,"5,900 ₪",2002,3 ימים 
43,רכב פרטי,טויוטה - קורולה,חיפה וחוף הכרמל,140000,"73,000 ₪",2016,4 דקות 
44,רכב פרטי,סובארו - B4,רמת גן - גבעתיים,182000,"10,000 ₪",2006,3 ימים 
45,רכב פרטי,אופל - אסטרה,ירושלים והסביבה,124000,"22,000 ₪",2013,2 ימים 
46,רכב פרטי,רנו - קליאו B,כרמיאל והסביבה,92000,"35,000 ₪",2015,2 ימים 
47,רכב פרטי,ב.מ.וו - סדרה 4,עכו - נהריה,111000,"197,000 ₪",2015,2 ימים 
48,רכב פרטי,הונדה - אקורד,נס ציונה - רחובות,157000,"55,000 ₪",2015,3 ימים 
49,רכב פרטי,יונדאי - i10,חיפה וחוף הכרמל,9012,"72,000 ₪",2020,4 דקות 
50,רכב פרטי,טויוטה - יאריס,חיפה וחוף הכרמל,100000,"65,000 ₪",2018,4 דקות 
51,רכב פרטי,סוזוקי - סוויפט,רמת גן - גבעתיים,46000,"6,500 ₪",2001,2 ימים 
52,רכב פרטי,יונדאי - i10,בית שמש והסביבה,86000,"39,900 ₪",2017,4 דקות 
53,רכב פרטי,טויוטה - יאריס,חיפה וחוף הכרמל,46475,"96,000 ₪",2020,4 דקות 
54,רכב פרטי,טויוטה - קורולה,עכו - נהריה,115000,"60,000 ₪",2015,2 ימים 
55,רכב פרטי,פיאט - 500,כרמיאל והסביבה,116000,"22,000 ₪",2014,3 ימים 
56,רכב פרטי,ניסאן - ,תל אביב,88000,"89,000 ₪",2017,3 ימים 
57,רכב פרטי,סקודה - אוקטביה,נתניה והסביבה,47000,"78,000 ₪",2017,4 דקות 
58,רכב פרטי,יונדאי - i20,חיפה וחוף הכרמל,7646,"86,000 ₪",2021,4 דקות 
59,רכב פרטי,טויוטה - אוריס,חולון - בת ים,146000,"50,000 ₪",2012,3 ימים 
60,רכב פרטי,אלפא רומאו - ג’ולייטה,ירושלים והסביבה,83000,"86,000 ₪",2017,3 ימים 
61,רכב פרטי,פיג’ו - 2008,נס ציונה - רחובות,88000,"49,000 ₪",2016,3 ימים 
62,רכב פרטי,יונדאי - i20,תל אביב,151100,"27,000 ₪",2012,3 ימים 
63,רכב פרטי,קיה - פיקנטו,חולון - בת ים,83000,"66,900 ₪",2018,3 ימים 
64,רכב פרטי,סקודה - אוקטביה,נתניה והסביבה,84000,"65,000 ₪",2016,4 דקות 
65,רכב פרטי,יונדאי - i10,חולון - בת ים,136500,"23,000 ₪",2014,3 ימים 
66,רכב פרטי,הונדה - סיוויק האצ’בק החדשה,עכו - נהריה,190000,"25,000 ₪",2010,4 דקות 
67,רכב פרטי,שברולט - אקווינוקס,ירושלים והסביבה,26000,"152,000 ₪",2020,3 ימים 
68,רכב פרטי,סיטרואן - C אליזה,מושבים בצפון,118000,"17,000 ₪",2013,3 ימים 
69,רכב פרטי,פורד - מונדאו,טבריה והסביבה,214000,"9,500 ₪",2009,3 ימים 
70,רכב פרטי,טויוטה - C-HR,קריות,40000,"127,000 ₪",2018,3 ימים 
71,רכב פרטי,רנו - גרנד קופה,חיפה וחוף הכרמל,103000,"93,000 ₪",2017,4 דקות 
72,רכב פרטי,סוזוקי - קרוסאובר,חיפה וחוף הכרמל,27275,"105,000 ₪",2019,4 דקות 
73,רכב פרטי,רנו - קפצ’ור,מושבים בשרון,76000,"69,000 ₪",2018,4 דקות 
74,רכב פרטי,מאזדה - 2,חולון - בת ים,4000,"94,000 ₪",2021,110 ימים 
75,רכב פרטי,וולוו - S60,חיפה וחוף הכרמל,110000,"27,000 ₪",2009,3 ימים 
76,רכב פרטי,רנו - קליאו אסטייט,חיפה וחוף הכרמל,127000,"36,000 ₪",2016,3 ימים 
77,רכב פרטי,קיה - סול,חיפה וחוף הכרמל,135000,"35,000 ₪",2012,4 דקות 
78,רכב פרטי,רנו - קליאו,בקעת אונו,90500,"43,000 ₪",2016,3 ימים 
79,רכב פרטי,סקודה - פאביה,מושבים בשרון,48000,"71,000 ₪",2017,4 דקות 
80,רכב פרטי,יונדאי - i30cw,בקעת אונו,271000,"18,500 ₪",2010,2 ימים 
81,רכב פרטי,סיטרואן - C4 פיקאסו,עכו - נהריה,110060,"62,500 ₪",2016,4 ימים 
82,רכב פרטי,טויוטה - יאריס,חיפה וחוף הכרמל,73000,"93,000 ₪",2020,4 דקות 
83,רכב פרטי,פולקסווגן - ג’טה,אשדוד - אשקלון,179000,"24,000 ₪",2011,3 ימים 
84,רכב פרטי,ניסאן - מיקרה,קריות,254000,"8,500 ₪",2008,3 ימים 
85,רכב פרטי,מאזדה - 5,רמת גן - גבעתיים,200000,"28,000 ₪",2007,9 שעות 
86,רכב פרטי,שברולט - אקווינוקס,נס ציונה - רחובות,101000,"110,500 ₪",2018,3 ימים 
87,רכב פרטי,פולקסווגן - פולו,מושבים בשרון,117000,"46,000 ₪",2014,4 דקות 
88,רכב פרטי,קיה - פיקנטו,בית שמש והסביבה,650,"88,000 ₪",2022,4 ימים 
89,רכב פרטי,פיג’ו - 107,ירושלים והסביבה,210000,"9,900 ₪",2011,3 ימים 
90,רכב פרטי,טויוטה - קורולה,חיפה וחוף הכרמל,54000,"109,500 ₪",2020,4 דקות 
91,רכב פרטי,טויוטה - אייגו,חיפה וחוף הכרמל,6200,"66,000 ₪",2020,4 דקות 
92,רכב פרטי,קיה - נירו הייבריד,רמת גן - גבעתיים,50500,"134,000 ₪",2020,4 שעות 
93,רכב פרטי,אאודי - A6,עכו - נהריה,270000,לא צויין,2008,4 דקות 
94,רכב פרטי,אאודי - 80,ירושלים והסביבה,99180,"35,000 ₪",1991,3 ימים 
95,רכב פרטי,הונדה - סיוויק האצ’בק החדשה,מושבים בשרון,24000,"103,000 ₪",2018,4 דקות 
96,רכב פרטי,מיני - קופר קבריולט,נתניה והסביבה,20000,לא צויין,2020,4 דקות 
97,רכב פרטי,סקודה - סופרב,ירושלים והסביבה,1,"65,000 ₪",2014,1 ימים 
98,רכב פרטי,שברולט - מאליבו,מושבים בשרון,49000,"87,000 ₪",2018,4 דקות 
99,רכב פרטי,רנו - קליאו,אשדוד - אשקלון,126000,"39,900 ₪",2017,4 ימים 
100,רכב פרטי,דייהטסו - סיריון,בית שמש והסביבה,230,"8,990 ₪",2005,2 שעות 
101,רכב פרטי,סקודה - אוקטביה,אשדוד - אשקלון,156000,"59,000 ₪",2017,4 ימים 
102,רכב פרטי,סקודה - סופרב,חיפה וחוף הכרמל,89000,"105,000 ₪",2017,4 דקות 
103,רכב פרטי,יונדאי - i30,פתח תקוה והסביבה,171000,"24,000 ₪",2011,1 ימים 
104,רכב פרטי,סקודה - אוקטביה,חיפה וחוף הכרמל,340000,"55,000 ₪",2018,4 דקות 
105,רכב פרטי,קאדילק - ATS,קריות,53000,לא צויין,2018,2 ימים 
106,רכב פרטי,מאזדה - 3,בקעת אונו,5000,לא צויין,2021,2 ימים 
107,רכב פרטי,ב.מ.וו - סדרה 4,חיפה וחוף הכרמל,36710,"225,000 ₪",2018,4 דקות 
108,רכב פרטי,פורד - גלאקסי,מושבים בשרון,188000,"22,000 ₪",2012,4 דקות 
109,רכב פרטי,קיה - פורטה,פתח תקוה והסביבה,172000,"29,000 ₪",2012,4 דקות 
110,רכב פרטי,מאזדה - 3,תל אביב,47999,"20,000 ₪",2017,2 ימים 
111,רכב פרטי,מרצדס - S-350,נס ציונה - רחובות,380000,"30,000 ₪",1994,4 ימים 
112,רכב פרטי,קיה - סול,חיפה וחוף הכרמל,163954,"35,000 ₪",2012,4 דקות 
113,רכב פרטי,סיאט - לאון,רעננה - כפר סבא,79990,לא צויין,2017,4 ימים 
114,רכב פרטי,טויוטה - קאמרי,רמת גן - גבעתיים,82000,"110,000 ₪",2017,4 ימים 
115,רכב פרטי,פיג’ו - 208,נתניה והסביבה,130000,לא צויין,2017,4 דקות 
116,רכב פרטי,רנו - קפצ’ור,חיפה וחוף הכרמל,113000,"54,000 ₪",2016,4 דקות 
117,רכב פרטי,יונדאי - i25,מודיעין והסביבה,99421,"60,000 ₪",2018,4 ימים 
118,רכב פרטי,סקודה - פאביה,אשדוד - אשקלון,70000,"34,000 ₪",2012,2 ימים 
119,רכב פרטי,יונדאי - i20,בקעת אונו,5950,"90,000 ₪",2021,4 ימים 
120,רכב פרטי,פולקסווגן - פולו,מושבים בשרון,97000,"86,000 ₪",2015,4 דקות 
121,רכב פרטי,מרצדס - AMG S63 4MATIC,באר שבע והסביבה,69000,"550,000 ₪",2015,4 ימים 
122,רכב פרטי,פיג’ו - 208,נס ציונה - רחובות,76000,"32,000 ₪",2016,4 ימים 
123,רכב פרטי,סיאט - איביזה,מושבים בשרון,118000,"38,000 ₪",2015,4 דקות 
124,רכב פרטי,סיטרואן - C4 פיקאסו,תל אביב,105000,"25,000 ₪",2012,4 ימים 
125,רכב פרטי,הונדה - ג’אז,ירושלים והסביבה,252214,"7,990 ₪",2005,4 ימים 
126,רכב פרטי,פולקסווגן - פולו,רמלה - לוד,144000,"56,000 ₪",2015,4 ימים 
127,רכב פרטי,פורד - S-מקס,פתח תקוה והסביבה,107000,"37,000 ₪",2014,4 ימים 
128,רכב פרטי,מאזדה - 6,מושבים בצפון,214000,"35,000 ₪",2011,4 ימים 
129,רכב פרטי,דייהטסו - סיריון,כרמיאל והסביבה,209000,"16,000 ₪",2008,4 ימים 
130,רכב פרטי,פורד - גלאקסי,פתח תקוה והסביבה,136000,"29,000 ₪",2012,4 דקות 
131,רכב פרטי,סיאט - איביזה,עמק יזרעאל,16300,"110,000 ₪",2021,4 ימים 
132,רכב פרטי,יונדאי - i30,עכו - נהריה,220000,"23,000 ₪",2010,4 דקות 
133,רכב פרטי,שברולט - קרוז,רמת גן - גבעתיים,102000,"20,000 ₪",2014,4 ימים 
134,רכב פרטי,סוזוקי - ספלאש,עכו - נהריה,170000,"23,000 ₪",2014,4 דקות 
135,רכב פרטי,קיה - סטוניק,רמת השרון - הרצליה,5550,"99,000 ₪",2021,4 ימים 
136,רכב פרטי,סיאט - איביזה,עכו - נהריה,170000,"23,000 ₪",2010,4 דקות 
137,רכב פרטי,פורד - פוקוס,ירושלים והסביבה,171000,"10,000 ₪",2008,4 ימים 
138,רכב פרטי,סובארו - B4,עכו - נהריה,220000,"20,000 ₪",2009,4 דקות 
139,רכב פרטי,שברולט - אורלנדו,מושבים בשרון,169000,"37,000 ₪",2014,4 דקות 
140,רכב פרטי,יונדאי - i30,ירושלים והסביבה,146000,"40,000 ₪",2014,5 ימים 
141,רכב פרטי,טויוטה - יאריס,"ראשל""צ והסביבה",118000,לא צויין,2020,5 ימים 
142,רכב פרטי,פיאט - אברת’ / ABARTH,נתניה והסביבה,111000,לא צויין,2013,4 דקות 
143,רכב פרטי,אאודי - A4,נתניה והסביבה,30000,לא צויין,2020,4 דקות 
144,רכב פרטי,ב.מ.וו - סדרה 7,"ראשל""צ והסביבה",154129,"80,000 ₪",2009,5 ימים 
145,רכב פרטי,סיטרואן - C4 פיקאסו,מושבים בשרון,119000,"42,000 ₪",2016,4 דקות 
146,רכב פרטי,קיה - פיקנטו,פתח תקוה והסביבה,145000,"40,000 ₪",2015,5 ימים 
147,רכב פרטי,הונדה - סיוויק האצ’בק החדשה,רמת השרון - הרצליה,28500,"114,500 ₪",2020,5 ימים 
148,רכב פרטי,קיה - פיקנטו,ירושלים והסביבה,72000,"43,000 ₪",2015,4 ימים 
149,רכב פרטי,פורד - S-מקס,נתניה והסביבה,127000,לא צויין,2008,4 דקות 
150,רכב פרטי,ניסאן - מיקרה,"ראשל""צ והסביבה",43000,"50,900 ₪",2017,4 דקות 
151,רכב פרטי,דאצ’יה - סנדרו,חיפה וחוף הכרמל,84000,"30,000 ₪",2017,4 דקות 
152,רכב פרטי,שברולט - קרוז,תל אביב,90000,"12,000 ₪",2011,5 ימים 
153,רכב פרטי,קיה - פיקנטו,חיפה וחוף הכרמל,6510,"86,000 ₪",2021,4 דקות 
154,רכב פרטי,פיג’ו - 3008,מושבים בשרון,28000,"145,000 ₪",2021,5 ימים 
155,רכב פרטי,סיטרואן - C4 קקטוס,כרמיאל והסביבה,97600,"44,000 ₪",2016,5 ימים 
156,רכב פרטי,סוזוקי - ספלאש,נתניה והסביבה,179200,"20,000 ₪",2012,5 ימים 
157,רכב פרטי,קיה - פיקנטו,פתח תקוה והסביבה,13000,"69,000 ₪",2019,5 ימים 
158,רכב פרטי,רנו - קפצ’ור,ירושלים והסביבה,110000,"39,500 ₪",2014,4 דקות 
159,רכב פרטי,מאזדה - 5,"ראשל""צ והסביבה",97000,"87,000 ₪",2016,5 ימים 
160,רכב פרטי,דייהו - נובירה,כרמיאל והסביבה,101,"1,900 ₪",2002,6 ימים 
161,רכב פרטי,רנו - קנגו,פתח תקוה והסביבה,177000,"32,000 ₪",2016,6 ימים 
162,רכב פרטי,טויוטה - C-HR,נתניה והסביבה,89800,לא צויין,2017,4 דקות 
163,רכב פרטי,סוזוקי - ספלאש,חולון - בת ים,184000,"18,000 ₪",2010,6 ימים 
164,רכב פרטי,שברולט - טראקס,נס ציונה - רחובות,89000,"36,600 ₪",2014,6 ימים 
165,רכב פרטי,יונדאי - i20,פתח תקוה והסביבה,95000,"48,000 ₪",2015,6 ימים 
166,רכב פרטי,אופל - אסטרה,מושבים בשרון,98000,"29,000 ₪",2012,4 דקות 
167,רכב פרטי,פולקסווגן - גולף GTI,מושבים בצפון,145000,"135,000 ₪",2015,4 דקות 
168,רכב פרטי,שברולט - קרוז,עכו - נהריה,300000,"25,000 ₪",2014,167 ימים 
169,רכב פרטי,קיה - פיקנטו,תל אביב,117600,"45,000 ₪",2017,5 ימים 
170,רכב פרטי,מיצובישי - ,רעננה - כפר סבא,148000,"105,000 ₪",2016,6 ימים 
171,רכב פרטי,רנו - טווינגו,באר שבע והסביבה,69000,"35,000 ₪",2017,228 ימים 
172,רכב פרטי,קיה - פיקנטו,"ראשל""צ והסביבה",26600,"58,900 ₪",2017,4 דקות 
173,רכב פרטי,סוזוקי - SX4,פתח תקוה והסביבה,210000,"19,000 ₪",2009,4 דקות 
174,רכב פרטי,פיג’ו - 2008,תל אביב,58125,"61,000 ₪",2016,6 ימים 
175,רכב פרטי,טויוטה - אוריס,רמלה - לוד,124000,"79,000 ₪",2018,6 ימים 
176,רכב פרטי,מרצדס - C-CLASS,"ראשל""צ והסביבה",407000,"35,000 ₪",2010,6 ימים 
177,רכב פרטי,סיאט - איביזה,אשדוד - אשקלון,74471,"88,000 ₪",2018,6 ימים 
178,רכב פרטי,פורד - S-מקס,באר שבע והסביבה,140500,"39,000 ₪",2014,6 ימים 
179,רכב פרטי,סקודה - אוקטביה,עכו - נהריה,145000,"27,000 ₪",2013,4 דקות 
180,רכב פרטי,שברולט - ויואנט,רמת גן - גבעתיים,124000,"5,500 ₪",2006,7 ימים 
181,רכב פרטי,סיאט - לאון,רמלה - לוד,141000,"41,000 ₪",2013,7 ימים 
182,רכב פרטי,קיה - קרניבל,יישובי השומרון,148000,"115,000 ₪",2016,6 ימים 
183,רכב פרטי,ב.מ.וו - סדרה 1,חולון - בת ים,63000,"90,000 ₪",2016,7 ימים 
184,רכב פרטי,קרייזלר - 300C,עכו - נהריה,88000,לא צויין,2015,7 ימים 
185,רכב פרטי,מיצובישי - ספייס סטאר,חיפה וחוף הכרמל,600,"69,000 ₪",2020,4 דקות 
186,רכב פרטי,דאצ’יה - סנדרו,חיפה וחוף הכרמל,92000,"42,000 ₪",2017,4 דקות 
187,רכב פרטי,פולקסווגן - גולף פלוס,טבריה והסביבה,180000,"20,000 ₪",2011,6 ימים 
188,רכב פרטי,יונדאי - אלנטרה,אשדוד - אשקלון,73000,"75,000 ₪",2017,7 ימים 
189,רכב פרטי,רנו - קליאו,פתח תקוה והסביבה,134000,"28,000 ₪",2015,4 דקות 
190,רכב פרטי,ניסאן - מיקרה,חיפה וחוף הכרמל,45000,"65,000 ₪",2019,4 דקות 
191,רכב פרטי,מאזדה - 6,בקעת אונו,194000,"25,000 ₪",2010,7 ימים 
192,רכב פרטי,פולקסווגן - פאסאט,בית שמש והסביבה,135000,"27,000 ₪",2011,7 ימים 
193,רכב פרטי,יונדאי - i25,ירושלים והסביבה,117000,"41,000 ₪",2012,6 ימים 
194,רכב פרטי,רנו - פלואנס,עכו - נהריה,140000,"30,500 ₪",2014,6 ימים 
195,רכב פרטי,פולקסווגן - גולף,"ראשל""צ והסביבה",118000,"54,900 ₪",2013,4 דקות 
196,רכב פרטי,פורד - פוקוס,עמק יזרעאל,157000,"18,000 ₪",2013,7 ימים 
197,רכב פרטי,יונדאי - i10,חיפה וחוף הכרמל,1300,"75,000 ₪",2021,4 דקות 
198,רכב פרטי,שברולט - אפיקה,חיפה וחוף הכרמל,178000,לא צויין,2008,4 דקות 
199,רכב פרטי,קרייזלר - גראנד וויאג’ר,נס ציונה - רחובות,110000,"45,000 ₪",2011,4 דקות 
200,רכב מסחרי,סיטרואן - ברלינגו,מודיעין והסביבה,190000,"17,000 ₪",2011,0 דקות 
201,רכב מסחרי,איסוזו - 4X4 D-MAX,פתח תקוה והסביבה,340000,לא צויין,2011,4 דקות 
202,רכב מסחרי,סיטרואן - ברלינגו,חיפה וחוף הכרמל,83000,"84,000 ₪",2018,4 דקות 
203,רכב מסחרי,רנו - מאסטר קצר/בינוני,תל אביב,250000,"49,000 ₪",2014,2 ימים 
204,רכב מסחרי,סיטרואן - ברלינגו דור 2 (2008-2019),רמת גן - גבעתיים,180000,"35,000 ₪",2014,9 ימים 
205,רכב מסחרי,מיצובישי - מאגנום 4X4,מושבים בצפון,398,"24,000 ₪",2004,5 ימים 
206,רכב מסחרי,טויוטה - היילקס ויגו 2X4,פתח תקוה והסביבה,340000,"59,000 ₪",2008,4 דקות 
207,רכב מסחרי,מיצובישי - L200 האנטר 2X4,פתח תקוה והסביבה,200000,"49,000 ₪",2009,4 דקות 
208,רכב מסחרי,גרייט וול - סטיד / Steed,גדרה יבנה והסביבה,296000,"15,000 ₪",2012,3 ימים 
209,רכב מסחרי,רנו - מאסטר ארוך,חדרה וישובי עמק חפר,155000,"105,000 ₪",2018,16 ימים 
210,רכב מסחרי,טויוטה - היילקס ויגו 4X4,נתניה והסביבה,182000,"95,000 ₪",2009,17 ימים 
211,רכב מסחרי,סיטרואן - ברלינגו,פתח תקוה והסביבה,200000,"8,500 ₪",2008,4 דקות 
212,רכב מסחרי,סיטרואן - ברלינגו דור 3 (2018 ואילך),מושבים בשרון,75500,"83,000 ₪",2018,16 ימים 
213,רכב מסחרי,פולקסווגן - מולטיוואן,מושבים בצפון,180000,"115,000 ₪",2012,19 ימים 
214,רכב מסחרי,פיאט - דובלו,גדרה יבנה והסביבה,193000,"30,000 ₪",2017,18 ימים 
215,רכב מסחרי,פורד - F-350,קריות,95000,"180,000 ₪",2019,22 ימים 
216,רכב מסחרי,טויוטה - היילקס 4X4,מושבים בצפון,333000,"165,000 ₪",2016,23 ימים 
217,רכב מסחרי,סיטרואן - ברלינגו,ירושלים והסביבה,170000,"37,000 ₪",2015,30 ימים 
218,רכב מסחרי,פיאט - קובו,"ראשל""צ והסביבה",250300,"25,000 ₪",2015,30 ימים 
219,רכב מסחרי,פורד - טרנזיט,רמת גן - גבעתיים,155000,"60,000 ₪",2013,30 ימים 
220,רכב מסחרי,פיאט - דוקאטו,מושבים בשרון,17000,"200,000 ₪",2021,0 דקות 
221,רכב מסחרי,איסוזו - 4X4 D-MAX,מושבים בצפון,350000,"67,000 ₪",2010,0 דקות 
222,רכב מסחרי,דודג’ - ראם ארוך,הוד השרון והסביבה,167000,"88,000 ₪",2015,0 דקות 
223,רכב מסחרי,מיצובישי - מאגנום 4X4,חיפה וחוף הכרמל,309000,"25,000 ₪",2003,0 דקות 
224,רכב מסחרי,טויוטה - היילקס ויגו 4X4,גליל ועמקים,220000,"165,000 ₪",2014,0 דקות 
225,רכב מסחרי,טויוטה - היילקס 4X4,מושבים בצפון,125000,"200,000 ₪",2018,0 דקות 
226,רכב מסחרי,מרצדס - ויטו,תל אביב,440000,"32,000 ₪",2007,0 דקות 
227,רכב מסחרי,רנו - מאסטר ארוך,רמלה - לוד,165000,"110,000 ₪",2019,0 דקות 
228,רכב מסחרי,מיצובישי - מאגנום 4X4,זכרון - בנימינה,280,"27,000 ₪",2001,0 דקות 
229,רכב מסחרי,סובארו - טנדר 2X4,מושבים בצפון,30000,"17,000 ₪",1991,0 דקות 
230,רכב מסחרי,איסוזו - 4X4 D-MAX,זכרון - בנימינה,340000,"55,000 ₪",2006,4 ימים 
231,רכב מסחרי,פולקסווגן - קאדי,בקעת אונו,147000,"60,555 ₪",2015,21 ימים 
232,רכב מסחרי,פורד - טרנזיט,רמת גן - גבעתיים,155000,"60,000 ₪",2013,30 ימים 
233,רכב מסחרי,שברולט - סילברדו,מושבים בצפון,75000,"195,000 ₪",2019,0 דקות 
234,רכב מסחרי,סיטרואן - ברלינגו,ירושלים והסביבה,170000,"37,000 ₪",2015,30 ימים 
235,רכב מסחרי,פולקסווגן - קאדי,ירושלים והסביבה,250000,"30,000 ₪",2011,0 דקות 
236,רכב מסחרי,פורד - F-250,רעננה - כפר סבא,125000,"194,000 ₪",2020,4 ימים 
237,רכב מסחרי,טויוטה - היילקס ויגו 4X4,מושבים בצפון,215000,"180,000 ₪",2015,30 ימים 
238,רכב מסחרי,מרצדס - ויטו,זכרון - בנימינה,72000,"80,000 ₪",2012,0 דקות 
239,רכב מסחרי,יונדאי - i800,רמלה - לוד,43800,"107,000 ₪",2016,0 דקות 
240,רכב מסחרי,שברולט - סוואנה ארוך,מושבים בצפון,330000,"45,000 ₪",2010,0 דקות 
241,רכב מסחרי,טויוטה - היילקס ויגו 4X4,מושבים בצפון,250000,"172,000 ₪",2015,0 דקות 
242,רכב מסחרי,רנו - קנגו,באר שבע והסביבה,240000,"5,000 ₪",2007,0 דקות 
243,רכב מסחרי,פורד - קונקט,מושבים בדרום,80000,"17,500 ₪",2009,0 דקות 
244,רכב מסחרי,סיטרואן - ברלינגו,פתח תקוה והסביבה,450,"10,000 ₪",2006,0 דקות 
245,רכב מסחרי,פיאט - דוקאטו,ירושלים והסביבה,260000,"125,000 ₪",2019,0 דקות 
246,רכב מסחרי,סיטרואן - ברלינגו,אשדוד - אשקלון,230000,"60,000 ₪",2017,0 דקות 
247,רכב מסחרי,שברולט - סילברדו,רעננה - כפר סבא,270000,"90,000 ₪",2017,0 דקות 
248,רכב מסחרי,סיטרואן - ברלינגו,פתח תקוה והסביבה,23000,"70,000 ₪",2017,0 דקות 
249,רכב מסחרי,פיאט - דוקאטו,אשדוד - אשקלון,156531,"100,000 ₪",2017,0 דקות 
250,רכב מסחרי,רנו - מאסטר קצר/בינוני,באר שבע והסביבה,100000,"110,000 ₪",2019,0 דקות 
251,רכב מסחרי,איסוזו - 2X4 D-MAX,מושבים בשפלה,67000,"170,000 ₪",2019,0 דקות 
252,רכב מסחרי,איווקו - דיילי החדשה,חולון - בת ים,490000,"19,000 ₪",2008,0 דקות 
253,רכב מסחרי,פיאט - דוקאטו,"ראשל""צ והסביבה",233000,"80,000 ₪",2017,0 דקות 
254,רכב מסחרי,מרצדס - V-Class,"ראשל""צ והסביבה",385000,"110,000 ₪",2016,0 דקות 
255,רכב מסחרי,איסוזו - 2X4 D-MAX,מושבים בצפון,20000,"46,000 ₪",2008,0 דקות 
256,רכב מסחרי,טויוטה - היילקס ויגו 4X4,מושבים בדרום,405000,"110,000 ₪",2012,0 דקות 
257,רכב מסחרי,איסוזו - 4X4 D-MAX,מושבים בשפלה,260000,"100,000 ₪",2013,0 דקות 
258,רכב מסחרי,טויוטה - היילקס 4X4,תל אביב,97000,"220,000 ₪",2018,0 דקות 
259,רכב מסחרי,איסוזו - איפון 4X4,פתח תקוה והסביבה,580000,"25,000 ₪",2003,0 דקות 
260,רכב מסחרי,רנו - קנגו,קריות,151000,לא צויין,2011,0 דקות 
261,רכב מסחרי,רנו - מאסטר קצר/בינוני,יישובי השומרון,420000,לא צויין,2013,5 ימים 
262,רכב מסחרי,מרצדס - ספרינטר,באר שבע והסביבה,220000,לא צויין,2018,0 דקות 
263,רכב מסחרי,סיטרואן - ברלינגו,זכרון - בנימינה,360000,"3,500 ₪",2002,0 דקות 
264,רכב מסחרי,טויוטה - היילקס ויגו 4X4,מושבים במרכז,230000,לא צויין,2014,0 דקות 
265,רכב מסחרי,רנו - מאסטר ארוך,"ראשל""צ והסביבה",230000,לא צויין,2018,0 דקות 
266,רכב מסחרי,פיג’ו - פרטנר,רמת השרון - הרצליה,127000,"18,000 ₪",2011,0 דקות 
267,רכב מסחרי,סיטרואן - ברלינגו,ירושלים והסביבה,130000,"55,000 ₪",2017,0 דקות 
268,רכב מסחרי,סיטרואן - ברלינגו,פתח תקוה והסביבה,149000,"52,000 ₪",2017,0 דקות 
269,רכב מסחרי,פיג’ו - בוקסר,פתח תקוה והסביבה,138000,"60,000 ₪",2016,0 דקות 
270,רכב מסחרי,סיטרואן - ברלינגו,מושבים בצפון,125000,"69,000 ₪",2017,0 דקות 
271,רכב מסחרי,קיה - סופרטראק,רמת גן - גבעתיים,500000,"23,000 ₪",2006,0 דקות 
272,רכב מסחרי,שברולט - סוואנה ארוך,אשדוד - אשקלון,97000,לא צויין,2016,26 ימים 
273,רכב מסחרי,רנו - טראפיק קצר,אשדוד - אשקלון,77000,"130,000 ₪",2018,8 ימים 
274,רכב מסחרי,רנו - קנגו,אשדוד - אשקלון,158000,"42,400 ₪",2016,3 ימים 
275,רכב מסחרי,סיטרואן - ברלינגו,נתניה והסביבה,130000,לא צויין,2019,0 דקות 
276,רכב מסחרי,פיאט - דוקאטו,רעננה - כפר סבא,272000,"69,000 ₪",2016,0 דקות 
277,רכב מסחרי,דודג’ - ראם קצר,מושבים בדרום,151000,"95,000 ₪",2016,0 דקות 
278,רכב מסחרי,טויוטה - היילקס ויגו 4X4,"ראשל""צ והסביבה",250000,לא צויין,2013,0 דקות 
279,רכב מסחרי,פולקסווגן - טרנספורטר,גדרה יבנה והסביבה,80000,"119,999 ₪",2015,0 דקות 
280,רכב מסחרי,מיצובישי - L200,זכרון - בנימינה,200000,לא צויין,2010,0 דקות 
281,רכב מסחרי,פיג’ו - בוקסר,קריות,275000,לא צויין,2011,0 דקות 
282,רכב מסחרי,פיג’ו - בוקסר,עכו - נהריה,12922,לא צויין,2021,0 דקות 
283,רכב מסחרי,סיטרואן - ברלינגו,"ראשל""צ והסביבה",94000,"130,000 ₪",2020,0 דקות 
284,רכב מסחרי,שברולט - סוואנה קצר,עכו - נהריה,1000,"47,000 ₪",2009,0 דקות 
285,רכב מסחרי,יונדאי - H1,בית שמש והסביבה,191000,"20,000 ₪",2007,0 דקות 
286,רכב מסחרי,פורד - טרנזיט,באר שבע והסביבה,165000,"90,000 ₪",2018,0 דקות 
287,רכב מסחרי,טויוטה - היילקס 4X4,הוד השרון והסביבה,122000,"185,000 ₪",2017,0 דקות 
288,רכב מסחרי,פיאט - דובלו,עמק יזרעאל,230000,לא צויין,2003,0 דקות 
289,רכב מסחרי,מיצובישי - L200,רמלה - לוד,169788,לא צויין,2014,0 דקות 
290,רכב מסחרי,טויוטה - היילקס ויגו 4X4,"ראשל""צ והסביבה",250000,לא צויין,2013,0 דקות 
291,רכב מסחרי,פיאט - דוקאטו,רמלה - לוד,185646,לא צויין,2017,0 דקות 
292,רכב מסחרי,פולקסווגן - טרנספורטר,גדרה יבנה והסביבה,80000,"119,999 ₪",2015,0 דקות 
293,רכב מסחרי,טויוטה - היילקס 4X4,מושבים בצפון,26000,לא צויין,2021,0 דקות 
294,רכב מסחרי,מיצובישי - L200,חולון - בת ים,315000,לא צויין,2008,0 דקות 
295,רכב מסחרי,מיצובישי - L200,בקעת אונו,160000,"86,000 ₪",2015,0 דקות 
296,רכב מסחרי,סיטרואן - ברלינגו,אשדוד - אשקלון,72000,לא צויין,2016,0 דקות 
297,רכב מסחרי,יונדאי - H1,נתניה והסביבה,250000,"22,000 ₪",2006,0 דקות 
298,רכב מסחרי,שברולט - סילברדו,חיפה וחוף הכרמל,175000,"65,000 ₪",2013,0 דקות 
299,רכב מסחרי,סיטרואן - ברלינגו,גדרה יבנה והסביבה,44000,"122,000 ₪",2020,0 דקות 
300,רכב מסחרי,מרצדס - V-Class,ירושלים והסביבה,297000,"130,000 ₪",2017,0 דקות 
301,רכב מסחרי,פיאג’ו - פורטר,תל אביב,127000,"22,000 ₪",2011,0 דקות 
302,רכב מסחרי,פיאט - דובלו,באר שבע והסביבה,218000,לא צויין,2014,0 דקות 
303,רכב מסחרי,רנו - מאסטר ארוך,מושבים בשרון,210000,לא צויין,2016,0 דקות 
304,רכב מסחרי,רנו - קנגו,"ראשל""צ והסביבה",120000,"51,000 ₪",2017,0 דקות 
305,רכב מסחרי,פורד - F-250,אילת והערבה,25000,"212,000 ₪",2020,0 דקות 
306,רכב מסחרי,איסוזו - איפון 2X4,יישובי השומרון,420,"18,200 ₪",2002,0 דקות 
307,רכב מסחרי,פורד - קונקט,ירושלים והסביבה,270000,"20,000 ₪",2008,0 דקות 
308,רכב מסחרי,שברולט - קולורדו,מודיעין והסביבה,1000,"440,000 ₪",2021,0 דקות 
309,רכב מסחרי,סיטרואן - ברלינגו,רמלה - לוד,270000,"37,000 ₪",2016,0 דקות 
310,רכב מסחרי,פיאט - דוקאטו,"ראשל""צ והסביבה",380000,"38,500 ₪",2011,0 דקות 
311,רכב מסחרי,מיצובישי - L200,"ראשל""צ והסביבה",180000,"68,000 ₪",2009,0 דקות 
312,רכב מסחרי,פיאט - פיורינו,עכו - נהריה,145500,לא צויין,2011,0 דקות 
313,רכב מסחרי,מיצובישי - L200,"ראשל""צ והסביבה",74000,"145,000 ₪",2016,0 דקות 
314,רכב מסחרי,פיאט - דוקאטו,חולון - בת ים,315000,"28,000 ₪",2010,0 דקות 
315,רכב מסחרי,פיאט - דובלו,קריות,184000,"30,000 ₪",2015,0 דקות 
316,רכב מסחרי,סובארו - טנדר 4X4,רעננה - כפר סבא,270000,"35,000 ₪",1991,0 דקות 
317,רכב מסחרי,פיאט - דוקאטו,רמת השרון - הרצליה,97000,"65,000 ₪",2012,0 דקות 
318,רכב מסחרי,סיטרואן - ברלינגו,יישובי השומרון,75000,"105,000 ₪",2019,0 דקות 
319,רכב מסחרי,פולקסווגן - קראוול,אשדוד - אשקלון,200000,"50,000 ₪",1991,0 דקות 
320,רכב מסחרי,סיטרואן - ברלינגו,מושבים בצפון,133000,לא צויין,2016,0 דקות 
321,רכב מסחרי,פיאט - דובלו,מושבים בדרום,225000,"32,000 ₪",2015,0 דקות 
322,רכב מסחרי,סיטרואן - ג’אמפי קצר/בינוני,עמק יזרעאל,210000,"59,999 ₪",2016,0 דקות 
323,רכב מסחרי,טויוטה - הייאס קצר,ירושלים והסביבה,500000,"5,500 ₪",2001,0 דקות 
324,רכב מסחרי,טויוטה - היילקס 4X4,מושבים בצפון,500000,"50,000 ₪",2005,0 דקות 
325,רכב מסחרי,סיטרואן - ברלינגו,עכו - נהריה,80000,לא צויין,2018,0 דקות 
326,רכב מסחרי,איסוזו - איפון 2X4,ירושלים והסביבה,420000,לא צויין,2002,0 דקות 
327,רכב מסחרי,מיצובישי - L200,רמלה - לוד,328000,לא צויין,2010,0 דקות 
328,רכב מסחרי,דאציה - דוקר,פתח תקוה והסביבה,156000,"45,000 ₪",2017,0 דקות 
329,רכב מסחרי,טויוטה - היילקס ויגו 2X4,"ראשל""צ והסביבה",341000,"52,000 ₪",2007,0 דקות 
330,רכב מסחרי,פורד - טרנזיט,גליל ועמקים,10000,"12,000 ₪",2004,0 דקות 
331,רכב מסחרי,פיאט - דובלו,חיפה וחוף הכרמל,220000,"28,000 ₪",2014,0 דקות 
332,רכב מסחרי,רנו - קנגו,פתח תקוה והסביבה,164000,"10,000 ₪",2010,0 דקות 
333,רכב מסחרי,פולקסווגן - קראוול,מושבים בצפון,8000,"254,000 ₪",2021,0 דקות 
334,רכב מסחרי,פולקסווגן - טרנספורטר,מושבים בצפון,380000,"65,000 ₪",2013,0 דקות 
335,רכב מסחרי,טויוטה - היילקס ויגו 4X4,מושבים בצפון,220000,לא צויין,2012,0 דקות 
336,רכב מסחרי,מרצדס - ספרינטר,פתח תקוה והסביבה,207000,"105,000 ₪",2016,0 דקות 
337,רכב מסחרי,ניסאן - NV200,חולון - בת ים,300000,"32,000 ₪",2014,0 דקות 
338,רכב מסחרי,איסוזו - 2X4 D-MAX,מושבים בצפון,300000,"70,000 ₪",2011,0 דקות 
339,רכב מסחרי,ניסאן - נבארה 4X4,ירושלים והסביבה,150000,"80,000 ₪",2014,0 דקות 
340,רכב מסחרי,יונדאי - H1,גדרה יבנה והסביבה,340000,"23,000 ₪",2007,0 דקות 
341,רכב מסחרי,פולקסווגן - טרנספורטר,באר שבע והסביבה,277000,לא צויין,2016,0 דקות 
342,רכב מסחרי,טויוטה - היילקס 2X4,מושבים בצפון,100000,לא צויין,1998,0 דקות 
343,רכב מסחרי,סיטרואן - ברלינגו,מושבים בשפלה,169000,"39,000 ₪",2016,0 דקות 
344,רכב מסחרי,איסוזו - 2X4 D-MAX,חיפה וחוף הכרמל,198000,לא צויין,2016,0 דקות 
345,רכב מסחרי,סיטרואן - ברלינגו,באר שבע והסביבה,108000,"43,000 ₪",2016,0 דקות 
346,רכב מסחרי,איסוזו - 4X4 D-MAX,בקעת אונו,349000,"79,900 ₪",2010,0 דקות 
347,רכב מסחרי,איסוזו - איפון 2X4,חיפה וחוף הכרמל,630000,"12,500 ₪",1997,0 דקות 
348,רכב מסחרי,מיצובישי - L200,מודיעין והסביבה,175000,"72,000 ₪",2014,0 דקות 
349,רכב מסחרי,דודג’ - ראם קצר,אשדוד - אשקלון,149400,"89,000 ₪",2015,0 דקות 
350,רכב מסחרי,מיצובישי - מאגנום 2X4,עכו - נהריה,465000,"22,500 ₪",2006,0 דקות 
351,רכב מסחרי,טויוטה - הייאס קצר,ירושלים והסביבה,500000,"5,500 ₪",2001,0 דקות 
352,רכב מסחרי,מאזדה - BT50 2X4,טבריה והסביבה,365000,"28,000 ₪",2009,0 דקות 
353,רכב מסחרי,איסוזו - 4X4 D-MAX,באר שבע והסביבה,440000,"60,000 ₪",2009,0 דקות 
354,רכב מסחרי,שברולט - סוואנה ארוך,יישובי השומרון,178000,"114,400 ₪",2018,0 דקות 
355,רכב מסחרי,איסוזו - 4X4 D-MAX,גליל ועמקים,370000,לא צויין,2006,0 דקות 
356,רכב מסחרי,יונדאי - H1,יישובי השומרון,380000,"19,500 ₪",2007,0 דקות 
357,רכב מסחרי,טויוטה - היילקס ויגו 2X4,"ראשל""צ והסביבה",341000,"52,000 ₪",2007,0 דקות 
358,רכב מסחרי,סיטרואן - ברלינגו,באר שבע והסביבה,160000,"76,000 ₪",2019,0 דקות 
359,רכב מסחרי,איסוזו - 4X4 D-MAX,יישובי השומרון,130000,"135,000 ₪",2015,0 דקות 
360,רכב מסחרי,רנו - קנגו,ירושלים והסביבה,158000,"47,500 ₪",2017,0 דקות 
361,רכב מסחרי,טויוטה - הייאס קצר,ירושלים והסביבה,442,"34,000 ₪",2004,0 דקות 
362,רכב מסחרי,שברולט - סילברדו,אשדוד - אשקלון,8800,לא צויין,2021,0 דקות 
363,רכב מסחרי,סיטרואן - ג’אמפי קצר/בינוני,עמק יזרעאל,196000,"62,000 ₪",2016,0 דקות 
364,רכב מסחרי,מרצדס - ספרינטר,אשדוד - אשקלון,270000,"200,000 ₪",2019,0 דקות 
365,רכב מסחרי,רנו - קנגו,נס ציונה - רחובות,204000,"9,500 ₪",2008,0 דקות 
366,רכב מסחרי,פיאט - דוקאטו,ירושלים והסביבה,200000,לא צויין,1996,0 דקות 
367,רכב מסחרי,שברולט - סוואנה ארוך,באר שבע והסביבה,210000,"130,000 ₪",2015,0 דקות 
368,רכב מסחרי,איווקו - דיילי החדשה,אשדוד - אשקלון,330000,לא צויין,2017,0 דקות 
369,רכב מסחרי,פולקסווגן - קראוול,יישובי השומרון,30000,לא צויין,2019,0 דקות 
370,רכב מסחרי,פורד - F-350,אשדוד - אשקלון,380000,לא צויין,2008,0 דקות 
371,רכב מסחרי,איסוזו - 2X4 D-MAX,נתניה והסביבה,76000,לא צויין,2016,0 דקות 
372,רכב מסחרי,פיאט - דוקאטו,"ראשל""צ והסביבה",386000,"48,000 ₪",2012,0 דקות 
373,רכב מסחרי,רנו - מאסטר קצר/בינוני,מושבים בשפלה,235000,"60,000 ₪",2016,0 דקות 
374,רכב מסחרי,שברולט - סילברדו,הוד השרון והסביבה,195000,"65,000 ₪",2005,0 דקות 
375,רכב מסחרי,איווקו - 50c14v,חולון - בת ים,330,"29,000 ₪",2007,0 דקות 
376,רכב מסחרי,פיאט - דובלו,רמלה - לוד,220000,"33,000 ₪",2016,0 דקות 
377,רכב מסחרי,איסוזו - 4X4 D-MAX,גדרה יבנה והסביבה,419900,"45,000 ₪",2006,0 דקות 
378,רכב מסחרי,איסוזו - 4X4 D-MAX,זכרון - בנימינה,396000,"55,000 ₪",2008,0 דקות 
379,רכב מסחרי,מאזדה - BT50 2X4,"ראשל""צ והסביבה",325000,"28,000 ₪",2009,0 דקות 
380,רכב מסחרי,טויוטה - היילקס ויגו 2X4,חיפה וחוף הכרמל,450,"17,000 ₪",1998,0 דקות 
381,רכב מסחרי,שברולט - סוואנה ארוך,טבריה והסביבה,321000,לא צויין,2012,0 דקות 
382,רכב מסחרי,מרצדס - ספרינטר,"ראשל""צ והסביבה",197000,"117,000 ₪",2017,0 דקות 
383,רכב מסחרי,טויוטה - היילקס 2X4,תל אביב,255000,"20,000 ₪",2001,0 דקות 
384,רכב מסחרי,שברולט - סילברדו,מושבים בצפון,150000,"100,000 ₪",2016,0 דקות 
385,רכב מסחרי,מיצובישי - L200,רמת השרון - הרצליה,127777,לא צויין,2008,0 דקות 
386,רכב מסחרי,סובארו - טנדר 2X4,ירושלים והסביבה,430000,"12,000 ₪",1993,0 דקות 
387,רכב מסחרי,טויוטה - היילקס 4X4,רמלה - לוד,250000,"168,000 ₪",2017,0 דקות 
388,רכב מסחרי,שברולט - סילברדו,ירושלים והסביבה,51000,"150,000 ₪",2018,0 דקות 
389,רכב מסחרי,שברולט - סוואנה ארוך,אשדוד - אשקלון,190000,"110,000 ₪",2015,0 דקות 
390,רכב מסחרי,מרצדס - ספרינטר,גדרה יבנה והסביבה,70,"296,000 ₪",2020,0 דקות 
391,רכב מסחרי,סיטרואן - ג’אמפי קצר/בינוני,רעננה - כפר סבא,298000,"4,000 ₪",2005,0 דקות 
392,רכב מסחרי,פיאט - דובלו,פתח תקוה והסביבה,188000,"33,000 ₪",2016,0 דקות 
393,רכב מסחרי,פיג’ו - בוקסר,חיפה וחוף הכרמל,195000,לא צויין,2015,0 דקות 
394,רכב מסחרי,טויוטה - היילקס ויגו 4X4,חולון - בת ים,340000,"70,000 ₪",2007,0 דקות 
395,רכב מסחרי,מיצובישי - מאגנום 4X4,מושבים בצפון,400000,"19,000 ₪",2001,0 דקות 
396,רכב מסחרי,מיצובישי - L200,רמת גן - גבעתיים,82000,לא צויין,2020,0 דקות 
397,רכב מסחרי,פיאט - דוקאטו,חולון - בת ים,149000,לא צויין,2014,0 דקות 
398,רכב מסחרי,מיצובישי - L200,מושבים בצפון,190000,לא צויין,2015,0 דקות 
399,רכב מסחרי,פיאט - דובלו,חיפה וחוף הכרמל,215000,"15,000 ₪",2013,0 דקות 
400,ג'יפים,ב.מ.וו - X3,תל אביב,150,"1,000 ₪",2013,3 שעות 
401,ג'יפים,גי.אם.סי - סוברבן,רמלה - לוד,481168,"30,000 ₪",1998,4 שעות 
402,ג'יפים,ניסאן - אקס טרייל,עמק יזרעאל,145000,"115,000 ₪",2018,4 דקות 
403,ג'יפים,ניסאן - אקס טרייל,מושבים בשרון,35400,"139,500 ₪",2018,10 ימים 
404,ג'יפים,סקודה - ייטי / Yeti,עמק יזרעאל,170000,"32,000 ₪",2012,10 שעות 
405,ג'יפים,יונדאי - סנטה פה,באר שבע והסביבה,45000,"217,000 ₪",2019,1 ימים 
406,ג'יפים,ניסאן - קשקאי,חיפה וחוף הכרמל,75000,"75,000 ₪",2016,4 דקות 
407,ג'יפים,אאודי - Q5,רמלה - לוד,137000,"67,000 ₪",2010,21 שעות 
408,ג'יפים,ניסאן - ג’וק JUKE,חיפה וחוף הכרמל,63000,"53,000 ₪",2014,4 דקות 
409,ג'יפים,מאזדה - CX5,תל אביב,78000,"100,000 ₪",2015,1 ימים 
410,ג'יפים,מיצובישי - אאוטלנדר,עכו - נהריה,123000,"120,000 ₪",2017,2 ימים 
411,ג'יפים,קיה - ספורטז’,טבריה והסביבה,125000,"50,000 ₪",2011,3 ימים 
412,ג'יפים,אאודי - Q5,חיפה וחוף הכרמל,12000,"315,000 ₪",2021,4 דקות 
413,ג'יפים,סיאט - ארונה,אשדוד - אשקלון,13000,"104,000 ₪",2021,3 ימים 
414,ג'יפים,ניסאן - קשקאי,חיפה וחוף הכרמל,152421,"114,000 ₪",2018,4 דקות 
415,ג'יפים,אאודי - Q5,קריות,137000,לא צויין,2011,4 דקות 
416,ג'יפים,יונדאי - טוסון,חיפה וחוף הכרמל,178000,"18,000 ₪",2008,4 דקות 
417,ג'יפים,קיה - ספורטז’,קריות,116000,"97,000 ₪",2016,4 ימים 
418,ג'יפים,פיג’ו - 3008,מודיעין והסביבה,129000,"19,500 ₪",2013,3 ימים 
419,ג'יפים,אאודי - E-tron,חדרה וישובי עמק חפר,9900,"425,000 ₪",2021,4 ימים 
420,ג'יפים,טויוטה - RAV4 הייבריד,"ראשל""צ והסביבה",14250,"195,000 ₪",2022,6 ימים 
421,ג'יפים,הונדה - CR-V,חיפה וחוף הכרמל,144000,"84,000 ₪",2016,4 דקות 
422,ג'יפים,קיה - ספורטז’,בקעת אונו,49000,"104,000 ₪",2017,6 ימים 
423,ג'יפים,פולקסווגן - טיגואן,חיפה וחוף הכרמל,129600,"31,900 ₪",2008,4 ימים 
424,ג'יפים,סוזוקי - ויטרה,מושבים בשרון,48000,"96,000 ₪",2018,4 דקות 
425,ג'יפים,אאודי - Q2,בקעת אונו,6000,"165,000 ₪",2020,4 ימים 
426,ג'יפים,אינפיניטי - QX60,חולון - בת ים,95000,"119,000 ₪",2015,4 ימים 
427,ג'יפים,מאזדה - CX5,מושבים בדרום,52000,"127,500 ₪",2018,5 ימים 
428,ג'יפים,מאזדה - CX5,תל אביב,76000,"111,000 ₪",2017,4 ימים 
429,ג'יפים,יונדאי - IX35,עכו - נהריה,190000,"49,900 ₪",2012,4 דקות 
430,ג'יפים,יונדאי - IX35,חולון - בת ים,120000,"70,000 ₪",2014,5 ימים 
431,ג'יפים,אאודי - Q5,אשדוד - אשקלון,86000,"130,000 ₪",2016,6 ימים 
432,ג'יפים,סקודה - קודיאק,מושבים בשפלה,45000,"162,000 ₪",2020,7 ימים 
433,ג'יפים,אאודי - Q5,עכו - נהריה,210000,"79,900 ₪",2012,4 דקות 
434,ג'יפים,שברולט - טראקס,חיפה וחוף הכרמל,53800,"85,000 ₪",2017,4 דקות 
435,ג'יפים,סקודה - ייטי / Yeti,חיפה וחוף הכרמל,60000,"48,000 ₪",2013,4 דקות 
436,ג'יפים,סקודה - קודיאק,ירושלים והסביבה,70000,"142,000 ₪",2018,4 ימים 
437,ג'יפים,סובארו - פורסטר,"ראשל""צ והסביבה",113000,"95,900 ₪",2014,4 דקות 
438,ג'יפים,מאזדה - CX5,פתח תקוה והסביבה,31000,"159,000 ₪",2020,7 ימים 
439,ג'יפים,סוזוקי - גרנד ויטרה,חיפה וחוף הכרמל,245000,"32,000 ₪",2002,4 דקות 
440,ג'יפים,מיצובישי - אאוטלנדר,קריות,86000,"89,700 ₪",2016,12 שעות 
441,ג'יפים,הונדה - CR-V,עמק יזרעאל,250000,"65,000 ₪",2013,12 ימים 
442,ג'יפים,שברולט - קפטיבה,חיפה וחוף הכרמל,171000,"29,000 ₪",2008,4 דקות 
443,ג'יפים,סיאט - אטקה,זכרון - בנימינה,74000,"110,000 ₪",2017,12 ימים 
444,ג'יפים,סקודה - קודיאק,אשדוד - אשקלון,4570,"200,000 ₪",2021,8 ימים 
445,ג'יפים,טויוטה - לנד קרוזר קצר,מושבים בצפון,96000,"234,000 ₪",2015,13 ימים 
446,ג'יפים,סיאט - ארונה,חיפה וחוף הכרמל,39083,"97,000 ₪",2019,4 דקות 
447,ג'יפים,מיצובישי - אאוטלנדר,עכו - נהריה,90000,"94,000 ₪",2016,8 ימים 
448,ג'יפים,שברולט - טראקס,"ראשל""צ והסביבה",157000,"32,900 ₪",2014,4 דקות 
449,ג'יפים,טויוטה - RAV4 ארוך,מושבים בצפון,123000,"85,000 ₪",2015,6 ימים 
450,ג'יפים,ניסאן - קשקאי,מושבים בשרון,69000,"86,000 ₪",2017,4 דקות 
451,ג'יפים,הונדה - HR-V,מושבים בצפון,52900,"95,000 ₪",2018,12 ימים 
452,ג'יפים,קיה - סורנטו,נתניה והסביבה,70000,"148,000 ₪",2017,8 ימים 
453,ג'יפים,מרצדס - GLA,מושבים בצפון,60000,"178,000 ₪",2017,12 ימים 
454,ג'יפים,קיה - ספורטז’,חיפה וחוף הכרמל,100000,"76,000 ₪",2015,4 דקות 
455,ג'יפים,שברולט - טראקס,באר שבע והסביבה,180000,"45,000 ₪",2014,11 ימים 
456,ג'יפים,יונדאי - סנטה פה,חולון - בת ים,65000,"154,000 ₪",2017,12 ימים 
457,ג'יפים,פורד - קוגה,רמלה - לוד,60000,"68,000 ₪",2016,13 ימים 
458,ג'יפים,הונדה - HR-V,חיפה וחוף הכרמל,2594,"136,000 ₪",2021,4 דקות 
459,ג'יפים,יונדאי - טוסון,באר שבע והסביבה,41000,"119,000 ₪",2017,11 ימים 
460,ג'יפים,יונדאי - טוסון,מודיעין והסביבה,105900,"102,000 ₪",2016,13 ימים 
461,ג'יפים,מיצובישי - פג’רו קצר,רעננה - כפר סבא,87500,"172,000 ₪",2016,13 ימים 
462,ג'יפים,אאודי - Q2,רמת השרון - הרצליה,58000,"118,000 ₪",2022,19 ימים 
463,ג'יפים,סוזוקי - ויטרה,חיפה וחוף הכרמל,178000,לא צויין,2011,4 דקות 
464,ג'יפים,ניסאן - קשקאי,נס ציונה - רחובות,89000,"88,000 ₪",2017,17 ימים 
465,ג'יפים,סקודה - קארוק,חיפה וחוף הכרמל,51400,"126,500 ₪",2020,4 דקות 
466,ג'יפים,טויוטה - לנד קרוזר ארוך,כרמיאל והסביבה,500,"107,000 ₪",2007,20 ימים 
467,ג'יפים,מיצובישי - ASX,"ראשל""צ והסביבה",9700,"110,000 ₪",2019,20 ימים 
468,ג'יפים,וולוו - XC60,נתניה והסביבה,10000,לא צויין,2021,4 דקות 
469,ג'יפים,דאציה - דאסטר,חיפה וחוף הכרמל,127800,"87,000 ₪",2018,4 דקות 
470,ג'יפים,האמר - H3,נתניה והסביבה,53000,לא צויין,2009,4 דקות 
471,ג'יפים,דאציה - דאסטר,חיפה וחוף הכרמל,90000,"73,000 ₪",2017,4 דקות 
472,ג'יפים,מאזדה - CX5,חיפה וחוף הכרמל,56000,"96,000 ₪",2016,19 ימים 
473,ג'יפים,ניסאן - קשקאי,חיפה וחוף הכרמל,32000,"131,000 ₪",2019,4 דקות 
474,ג'יפים,ניסאן - קשקאי,חיפה וחוף הכרמל,20000,"138,000 ₪",2020,4 דקות 
475,ג'יפים,מיצובישי - פג’רו ארוך,חיפה וחוף הכרמל,407000,"29,000 ₪",2001,13 ימים 
476,ג'יפים,ניסאן - קשקאי,תל אביב,89000,"92,000 ₪",2018,20 ימים 
477,ג'יפים,יונדאי - טוסון,אזור צפון,92000,"81,000 ₪",2016,20 ימים 
478,ג'יפים,טויוטה - לנד קרוזר ארוך,מושבים בשרון,280000,"190,000 ₪",2010,17 ימים 
479,ג'יפים,קיה - ספורטז’,רמת השרון - הרצליה,56600,"72,000 ₪",2014,17 ימים 
480,ג'יפים,יונדאי - טוסון,מושבים במרכז,23000,"123,000 ₪",2017,21 ימים 
481,ג'יפים,ניסאן - פאת’פיינדר,יישובי השומרון,252500,"68,000 ₪",2008,5 ימים 
482,ג'יפים,קיה - ספורטז’,אשדוד - אשקלון,12000,"146,000 ₪",2021,20 ימים 
483,ג'יפים,וולוו - XC90,"ראשל""צ והסביבה",90000,"275,000 ₪",2016,21 ימים 
484,ג'יפים,מאזדה - CX5,באר שבע והסביבה,1900,לא צויין,2021,16 ימים 
485,ג'יפים,קיה - ספורטז’,מושבים בצפון,13000,"136,000 ₪",2021,9 ימים 
486,ג'יפים,יונדאי - טוסון,תל אביב,54000,"110,000 ₪",2017,12 ימים 
487,ג'יפים,יונדאי - טוסון,אילת והערבה,178000,"35,000 ₪",2006,20 ימים 
488,ג'יפים,יונדאי - טוסון,באר שבע והסביבה,25300,"135,000 ₪",2018,7 ימים 
489,ג'יפים,מיצובישי - פג’רו קצר,באר שבע והסביבה,320000,"40,000 ₪",1995,20 ימים 
490,ג'יפים,טויוטה - לנד קרוזר ארוך,רמת גן - גבעתיים,1000,"470,000 ₪",2022,6 ימים 
491,ג'יפים,לנד רובר - רינג’ רובר,נתניה והסביבה,40000,לא צויין,2020,4 דקות 
492,ג'יפים,טויוטה - RAV4 ארוך,אשדוד - אשקלון,215000,"55,000 ₪",2010,6 ימים 
493,ג'יפים,מיצובישי - אאוטלנדר,מושבים בצפון,220000,"78,000 ₪",2013,21 ימים 
494,ג'יפים,טויוטה - לנד קרוזר,מושבים בדרום,29500,"390,000 ₪",2020,7 ימים 
495,ג'יפים,וולוו - XC60,נתניה והסביבה,30000,"350,000 ₪",2021,8 ימים 
496,ג'יפים,מרצדס - GLE,תל אביב,85000,לא צויין,2016,5 ימים 
497,ג'יפים,יונדאי - קונה,רמת גן - גבעתיים,7000,לא צויין,2019,16 ימים 
498,ג'יפים,יונדאי - טוסון,אשדוד - אשקלון,88000,"100,000 ₪",2016,6 ימים 
499,ג'יפים,ב.מ.וו - X7,נתניה והסביבה,8000,לא צויין,2021,4 דקות 
500,ג'יפים,יונדאי - טוסון,באר שבע והסביבה,86000,"99,000 ₪",2017,6 ימים 
501,ג'יפים,מיצובישי - אאוטלנדר,מושבים בצפון,33000,"142,000 ₪",2020,26 ימים 
502,ג'יפים,מיצובישי - פג’רו קצר,אשדוד - אשקלון,0,לא צויין,1998,18 ימים 
503,ג'יפים,סובארו - XV,ירושלים והסביבה,110000,"61,500 ₪",2016,28 ימים 
504,ג'יפים,דאציה - דאסטר החדש,חיפה וחוף הכרמל,10000,"115,000 ₪",2021,3 ימים 
505,ג'יפים,טויוטה - לנד קרוזר ארוך,תל אביב,373000,"120,000 ₪",2006,18 ימים 
506,ג'יפים,סובארו - פורסטר,"ראשל""צ והסביבה",128000,"80,000 ₪",2014,8 ימים 
507,ג'יפים,מאזדה - CX30,רעננה - כפר סבא,6500,"130,000 ₪",2021,22 ימים 
508,ג'יפים,קיה - סורנטו,גדרה יבנה והסביבה,125000,לא צויין,2013,23 ימים 
509,ג'יפים,מיצובישי - אאוטלנדר,מודיעין והסביבה,150000,"88,000 ₪",2016,24 ימים 
510,ג'יפים,לנד רובר - דיסקברי ספורט,זכרון - בנימינה,21000,לא צויין,2021,12 ימים 
511,ג'יפים,סקודה - קודיאק,גדרה יבנה והסביבה,17000,לא צויין,2021,4 ימים 
512,ג'יפים,טויוטה - RAV4 הייבריד,מודיעין והסביבה,55000,"170,000 ₪",2019,28 ימים 
513,ג'יפים,לנד רובר - דיסקברי 1,זכרון - בנימינה,435000,"37,000 ₪",1997,22 ימים 
514,ג'יפים,גי’פ / Jeep - גרנד צ’ירוקי,חדרה וישובי עמק חפר,16000,לא צויין,2018,27 ימים 
515,ג'יפים,סוזוקי - ויטרה,מושבים בשפלה,73000,לא צויין,2018,5 ימים 
516,ג'יפים,מיצובישי - אאוטלנדר,חיפה וחוף הכרמל,75000,"128,000 ₪",2017,25 ימים 
517,ג'יפים,וולוו - XC40,"ראשל""צ והסביבה",35500,לא צויין,2020,26 ימים 
518,ג'יפים,סקודה - קודיאק,ירושלים והסביבה,34000,"182,000 ₪",2019,22 ימים 
519,ג'יפים,שברולט - אקווינוקס,מושבים בשרון,68124,"109,500 ₪",2018,25 ימים 
520,ג'יפים,קיה - ספורטז’,חולון - בת ים,84000,"80,000 ₪",2017,0 דקות 
521,ג'יפים,סוזוקי - ויטרה,פתח תקוה והסביבה,20000,"105,000 ₪",2020,0 דקות 
522,ג'יפים,אאודי - Q5,מושבים בצפון,140000,"100,005 ₪",2014,4 ימים 
523,ג'יפים,סיטרואן - C5 איירקרוס,עכו - נהריה,13000,לא צויין,2021,27 ימים 
524,ג'יפים,יונדאי - סנטה פה,חולון - בת ים,89000,"100,000 ₪",2015,2 ימים 
525,ג'יפים,ניסאן - קשקאי,חולון - בת ים,172000,"30,000 ₪",2008,3 ימים 
526,ג'יפים,קיה - ספורטז’,רמלה - לוד,24000,"107,000 ₪",2019,27 ימים 
527,ג'יפים,מיצובישי - פג’רו ארוך,אשדוד - אשקלון,442000,"75,000 ₪",2003,3 ימים 
528,ג'יפים,שברולט - טראוורס,חיפה וחוף הכרמל,44000,"195,000 ₪",2019,3 ימים 
529,ג'יפים,קיה - ספורטז’,תל אביב,12300,לא צויין,2021,4 ימים 
530,ג'יפים,קיה - ספורטז’,עכו - נהריה,34000,לא צויין,2020,4 ימים 
531,ג'יפים,יונדאי - טוסון,חולון - בת ים,20000,"100,000 ₪",2016,7 ימים 
532,ג'יפים,סובארו - פורסטר,"ראשל""צ והסביבה",128000,"82,000 ₪",2014,3 ימים 
533,ג'יפים,מאזדה - CX5,טבריה והסביבה,115000,"118,000 ₪",2018,27 ימים 
534,ג'יפים,סקודה - ייטי / Yeti,מושבים בשפלה,170000,"48,500 ₪",2016,28 ימים 
535,ג'יפים,סוזוקי - גרנד ויטרה,ירושלים והסביבה,150000,"44,500 ₪",2006,2 ימים 
536,ג'יפים,ב.מ.וו - X5,חולון - בת ים,68000,"309,000 ₪",2017,26 ימים 
537,ג'יפים,סקודה - ייטי / Yeti,באר שבע והסביבה,150,לא צויין,2013,3 ימים 
538,ג'יפים,מאזדה - CX5,אשדוד - אשקלון,20000,"155,000 ₪",2020,21 ימים 
539,ג'יפים,יונדאי - טוסון,נס ציונה - רחובות,148500,"38,500 ₪",2010,30 ימים 
540,ג'יפים,קיה - סלטוס,חיפה וחוף הכרמל,1800,"140,000 ₪",2021,0 דקות 
541,ג'יפים,סוזוקי - ויטרה,ירושלים והסביבה,170000,"93,000 ₪",2014,0 דקות 
542,ג'יפים,פורשה - קאיין,תל אביב,247000,"70,000 ₪",2008,0 דקות 
543,ג'יפים,סקודה - קודיאק,באר שבע והסביבה,75500,"190,000 ₪",2019,0 דקות 
544,ג'יפים,אינפיניטי - QX30,רמת גן - גבעתיים,33000,"217,000 ₪",2020,0 דקות 
545,ג'יפים,שברולט - טראקס,רמת השרון - הרצליה,71000,"48,000 ₪",2014,0 דקות 
546,ג'יפים,אופל - גרנדלנד X,מושבים בשפלה,27342,"104,999 ₪",2019,0 דקות 
547,ג'יפים,סוזוקי - ויטרה,חיפה וחוף הכרמל,103000,"75,000 ₪",2016,0 דקות 
548,ג'יפים,טויוטה - RAV4 הייבריד,באר שבע והסביבה,4100,"250,000 ₪",2021,0 דקות 
549,ג'יפים,דייהטסו - טריוס,מושבים בצפון,190000,"17,000 ₪",1999,0 דקות 
550,ג'יפים,סוזוקי - ג’ימני,נס ציונה - רחובות,23000,"43,500 ₪",2008,0 דקות 
551,ג'יפים,יונדאי - קונה,"ראשל""צ והסביבה",3150,"133,500 ₪",2021,0 דקות 
552,ג'יפים,יונדאי - טוסון,מושבים בשרון,72000,"135,000 ₪",2018,3 ימים 
553,ג'יפים,סוזוקי - ויטרה,יישובי השומרון,215000,"24,000 ₪",2006,0 דקות 
554,ג'יפים,אאודי - E-tron,בקעת אונו,70000,לא צויין,2020,0 דקות 
555,ג'יפים,יונדאי - גאלופר קצר,רמת גן - גבעתיים,278,"22,000 ₪",1998,0 דקות 
556,ג'יפים,שברולט - טראוורס,קריות,86000,לא צויין,2016,0 דקות 
557,ג'יפים,טויוטה - לנד קרוזר,באר שבע והסביבה,45000,"33,000 ₪",1999,0 דקות 
558,ג'יפים,יונדאי - טוסון,ירושלים והסביבה,43500,"106,000 ₪",2016,3 ימים 
559,ג'יפים,ניסאן - אקס טרייל,כרמיאל והסביבה,7800,לא צויין,2021,0 דקות 
560,ג'יפים,יונדאי - טוסון,עכו - נהריה,13500,לא צויין,2020,0 דקות 
561,ג'יפים,לקסוס - NX,"ראשל""צ והסביבה",70000,לא צויין,2016,0 דקות 
562,ג'יפים,סוזוקי - ויטרה,עכו - נהריה,288000,"20,000 ₪",2000,0 דקות 
563,ג'יפים,קיה - ספורטז’,ירושלים והסביבה,50000,"99,000 ₪",2018,0 דקות 
564,ג'יפים,טויוטה - לנד קרוזר,מושבים בשרון,400000,לא צויין,2011,0 דקות 
565,ג'יפים,טויוטה - לנד קרוזר,ירושלים והסביבה,300000,"263,000 ₪",2015,0 דקות 
566,ג'יפים,לנד רובר - ריינג’ רובר ספורט,קריות,14000,לא צויין,2021,0 דקות 
567,ג'יפים,ניסאן - טראנו קצר,מושבים בשרון,286000,"30,000 ₪",2002,0 דקות 
568,ג'יפים,ב.מ.וו - X1,מושבים בשרון,18000,"255,000 ₪",2020,0 דקות 
569,ג'יפים,פורד - קוגה,אשדוד - אשקלון,116000,"62,000 ₪",2015,0 דקות 
570,ג'יפים,קיה - ספורטז’,חדרה וישובי עמק חפר,60000,"130,000 ₪",2018,0 דקות 
571,ג'יפים,ב.מ.וו - X5,נס ציונה - רחובות,200000,"69,000 ₪",2009,0 דקות 
572,ג'יפים,ניסאן - קשקאי,נתניה והסביבה,80000,"75,000 ₪",2016,0 דקות 
573,ג'יפים,מאזדה - CX5,חולון - בת ים,48000,"135,000 ₪",2018,0 דקות 
574,ג'יפים,יונדאי - טוסון,ירושלים והסביבה,54000,"110,000 ₪",2016,0 דקות 
575,ג'יפים,טויוטה - RAV4 ארוך,זכרון - בנימינה,179000,"93,000 ₪",2015,0 דקות 
576,ג'יפים,הונדה - CR-V,מושבים בשפלה,308000,"29,000 ₪",2009,0 דקות 
577,ג'יפים,מיצובישי - פג’רו קצר,רמלה - לוד,306000,"40,000 ₪",2001,0 דקות 
578,ג'יפים,יונדאי - IX35,ירושלים והסביבה,153000,"53,000 ₪",2013,0 דקות 
579,ג'יפים,לקסוס - RX400h,נתניה והסביבה,250000,"58,000 ₪",2008,0 דקות 
580,ג'יפים,מיצובישי - אאוטלנדר,טבריה והסביבה,36000,"143,000 ₪",2019,0 דקות 
581,ג'יפים,סוזוקי - ג’ימני,חיפה וחוף הכרמל,231000,"40,000 ₪",2003,0 דקות 
582,ג'יפים,ב.מ.וו - X5,אשדוד - אשקלון,5700,"595,000 ₪",2021,0 דקות 
583,ג'יפים,קיה - ספורטז’,חולון - בת ים,45000,"96,000 ₪",2017,0 דקות 
584,ג'יפים,סוזוקי - ג’ימני,מושבים בצפון,162000,"51,000 ₪",2007,0 דקות 
585,ג'יפים,איסוזו - טרופר ארוך,אשדוד - אשקלון,400000,"26,000 ₪",2001,0 דקות 
586,ג'יפים,יונדאי - סנטה פה,"ראשל""צ והסביבה",200000,"40,000 ₪",2008,0 דקות 
587,ג'יפים,סקודה - קודיאק,אשדוד - אשקלון,11000,"199,000 ₪",2021,0 דקות 
588,ג'יפים,ניסאן - קשקאי,חיפה וחוף הכרמל,71754,"97,000 ₪",2018,0 דקות 
589,ג'יפים,ניסאן - אקס טרייל,חדרה וישובי עמק חפר,44000,"145,000 ₪",2018,0 דקות 
590,ג'יפים,שברולט - קפטיבה,אשדוד - אשקלון,85000,"43,000 ₪",2014,0 דקות 
591,ג'יפים,סוזוקי - ג’ימני,פתח תקוה והסביבה,291000,"48,000 ₪",2006,0 דקות 
592,ג'יפים,טויוטה - לנד קרוזר,ירושלים והסביבה,450000,"40,000 ₪",1999,0 דקות 
593,ג'יפים,סובארו - פורסטר,זכרון - בנימינה,223000,"45,000 ₪",2010,0 דקות 
594,ג'יפים,אאודי - Q2,ירושלים והסביבה,7000,"185,000 ₪",2021,0 דקות 
595,ג'יפים,שברולט - טראוורס,בית שמש והסביבה,187000,"73,000 ₪",2013,0 דקות 
596,ג'יפים,לנד רובר - דיסקברי 2,עכו - נהריה,500000,"44,000 ₪",2000,0 דקות 
597,ג'יפים,טויוטה - לנד קרוזר,מושבים בצפון,200000,"240,000 ₪",2014,0 דקות 
598,ג'יפים,יונדאי - טוסון,נתניה והסביבה,80000,"109,000 ₪",2016,0 דקות 
599,ג'יפים,ניסאן - אקס טרייל,רמת גן - גבעתיים,14000,"167,000 ₪",2019,0 דקות 
600,משאיות,איסוזו - ,טבריה והסביבה,2850,"105,000 ₪",2016,0 דקות 
601,משאיות,וולוו - הייבר,עכו - נהריה,340000,"285,000 ₪",2016,0 דקות 
602,משאיות,וולוו - Fh,מושבים בצפון,550000,"140,000 ₪",2013,0 דקות 
603,משאיות,מרצדס - Actros,באר שבע והסביבה,450000,"270,000 ₪",2013,0 דקות 
604,משאיות,רנו - מאסטר גבוה,עכו - נהריה,193000,"105,000 ₪",2018,0 דקות 
605,משאיות,סקניה - 360,רמת השרון - הרצליה,150000,"100,000 ₪",2001,0 דקות 
606,משאיות,רנו - מנדלום,חדרה וישובי עמק חפר,400000,"30,000 ₪",2007,0 דקות 
607,משאיות,איסוזו - Npr75,מושבים בצפון,350000,"90,000 ₪",2008,0 דקות 
608,משאיות,דאף - ,אשדוד - אשקלון,141000,"200,000 ₪",2018,0 דקות 
609,משאיות,איווקו - ,יישובי השומרון,145000,"1,000 ₪",2010,0 דקות 
610,משאיות,רנו - גרר,מושבים בצפון,394000,"160,000 ₪",2015,0 דקות 
611,משאיות,סקניה - R440,עכו - נהריה,630000,"150,000 ₪",2014,0 דקות 
612,משאיות,מרצדס - NEW ACTROS 2524L,נתניה והסביבה,485000,"172,000 ₪",2015,0 דקות 
613,משאיות,איווקו - איווקו 15 טון דבל קבינה,ירושלים והסביבה,600000,"69,000 ₪",2007,0 דקות 
614,משאיות,וולוו - FLL42,קריות,900000,"60,000 ₪",2007,0 דקות 
615,משאיות,איסוזו - 10 טון,בית שמש והסביבה,224000,"140,000 ₪",2016,0 דקות 
616,משאיות,דאף - 55,קריות,185000,"95,000 ₪",2010,22 ימים 
617,משאיות,דאף - 45,פתח תקוה והסביבה,80000,"110,000 ₪",2011,30 ימים 
618,משאיות,וולוו - ,אשדוד - אשקלון,250000,"60,000 ₪",2011,0 דקות 
619,משאיות,טויוטה - הינו,אשדוד - אשקלון,16700,"179,055 ₪",2019,24 ימים 
620,משאיות,סקניה - R440,עכו - נהריה,630000,"150,000 ₪",2014,0 דקות 
621,משאיות,איווקו - ,יישובי השומרון,145000,"1,000 ₪",2010,0 דקות 
622,משאיות,איווקו - דיילי,זכרון - בנימינה,74000,"117,000 ₪",2016,4 ימים 
623,משאיות,וולוו - Fl6,מושבים בשפלה,460000,"200,000 ₪",2010,4 ימים 
624,משאיות,וולוו - Fh460,באר שבע והסביבה,490000,"170,000 ₪",2012,0 דקות 
625,משאיות,איסוזו - ,עכו - נהריה,80000,"145,000 ₪",2018,4 ימים 
626,משאיות,GMC - גמסי,מושבים בצפון,185000,"40,000 ₪",1997,4 ימים 
627,משאיות,וולוו - FH,גדרה יבנה והסביבה,100,"800,000 ₪",2022,4 ימים 
628,משאיות,וולוו - 240,רמלה - לוד,770000,"85,000 ₪",2008,4 ימים 
629,משאיות,וולוו - ,אשדוד - אשקלון,250000,"60,000 ₪",2011,0 דקות 
630,משאיות,איסוזו - NPR85,חיפה וחוף הכרמל,520000,"85,000 ₪",2015,4 ימים 
631,משאיות,דאף - ,ירושלים והסביבה,48000,"8,900 ₪",2021,4 ימים 
632,משאיות,דאף - ,ירושלים והסביבה,2222,"53,000 ₪",2006,4 ימים 
633,משאיות,טויוטה - ,בית שמש והסביבה,244658,"86,000 ₪",2015,4 ימים 
634,משאיות,"מאן - A1 עד 47 כ""ס",מושבים בצפון,6700,"36,100 ₪",2021,4 ימים 
635,משאיות,מאן - TGM,מושבים בשרון,522000,"130,000 ₪",2010,4 ימים 
636,משאיות,רנו - ,רמלה - לוד,320000,"115,000 ₪",2015,0 דקות 
637,משאיות,רנו - ,מושבים בצפון,385000,"35,000 ₪",2006,4 ימים 
638,משאיות,רנו - ,אשדוד - אשקלון,510000,"40,000 ₪",2005,4 ימים 
639,משאיות,איסוזו - 10 טון,בית שמש והסביבה,224000,"140,000 ₪",2016,0 דקות 
640,משאיות,איווקו - 150,רמלה - לוד,235000,"145,000 ₪",2017,5 ימים 
641,משאיות,איסוזו - סומו,נתניה והסביבה,690000,"70,000 ₪",2009,4 ימים 
642,משאיות,מיצובישי - ,גדרה יבנה והסביבה,210000,"140,000 ₪",2015,5 ימים 
643,משאיות,דאף - FA 55.250,רמלה - לוד,415000,"120,000 ₪",2007,5 ימים 
644,משאיות,דאף - CF 26 טון,עכו - נהריה,355000,"120,000 ₪",2013,5 ימים 
645,משאיות,וולוו - 614,רמלה - לוד,285000,"45,000 ₪",1995,5 ימים 
646,משאיות,"רנו - מידלום 280 כ""ס",רעננה - כפר סבא,430000,"70,000 ₪",2008,5 ימים 
647,משאיות,סקניה - R450,זכרון - בנימינה,400000,"550,000 ₪",2017,5 ימים 
648,משאיות,וולוו - FH,גדרה יבנה והסביבה,100,"800,000 ₪",2022,4 ימים 
649,משאיות,איווקו - יורוקרגו,ירושלים והסביבה,410000,"115,000 ₪",2015,5 ימים 
650,משאיות,איסוזו - 7.5 טון,חולון - בת ים,230000,"100,000 ₪",2016,5 ימים 
651,משאיות,רנו - מידלום עד 18 טון,רמלה - לוד,350000,"115,000 ₪",2014,5 ימים 
652,משאיות,רנו - ,אשדוד - אשקלון,510000,"40,000 ₪",2005,4 ימים 
653,משאיות,איסוזו - 7.5 טון ידני,יישובי השומרון,169000,"145,000 ₪",2016,5 ימים 
654,משאיות,איסוזו - יורו,אשדוד - אשקלון,234000,"175,000 ₪",2014,5 ימים 
655,משאיות,איווקו - יורו קרגו,"ראשל""צ והסביבה",500000,"37,000 ₪",2004,5 ימים 
656,משאיות,איסוזו - 12 טון 7.8 ארגז וילונות,אשדוד - אשקלון,15000,"275,000 ₪",2021,5 ימים 
657,משאיות,וולוו - Fe 320 2015 מנוף גרייפר,גדרה יבנה והסביבה,153000,"1,000 ₪",2015,5 ימים 
658,משאיות,GMC - גמסי,מושבים בצפון,185000,"40,000 ₪",1997,4 ימים 
659,משאיות,דאף - lf 55 220,ירושלים והסביבה,529000,"48,000 ₪",2007,5 ימים 
660,משאיות,סקניה - R440,מושבים בצפון,670000,לא צויין,2013,0 דקות 
661,משאיות,איסוזו - ,מושבים בדרום,7,לא צויין,2007,0 דקות 
662,משאיות,מאן - Bb220,מושבים בצפון,143000,לא צויין,2006,0 דקות 
663,משאיות,מיצובישי - קאנטר,"ראשל""צ והסביבה",36000,לא צויין,2020,0 דקות 
664,משאיות,וולוו - ,מושבים בצפון,394000,לא צויין,2017,0 דקות 
665,משאיות,מיצובישי - קנטר פוסו,עכו - נהריה,3000,לא צויין,2010,0 דקות 
666,משאיות,מרצדס - Atego 1018,ירושלים והסביבה,382000,לא צויין,2007,0 דקות 
667,משאיות,מיצובישי - פוסו,פתח תקוה והסביבה,170000,לא צויין,2015,0 דקות 
668,משאיות,וולוו - Fh 460 הייבר,מושבים בשרון,525000,"205,000 ₪",2015,0 דקות 
669,משאיות,מאן - 15 טון,מושבים בשפלה,560000,"70,000 ₪",2009,0 דקות 
670,משאיות,וולוו - FL6,ירושלים והסביבה,536000,לא צויין,2005,0 דקות 
671,משאיות,וולוו - הייבר,מושבים בשרון,420000,לא צויין,2015,0 דקות 
672,משאיות,איסוזו - איסוזו מנוף 10 טון,מושבים בשרון,480000,לא צויין,2011,0 דקות 
673,משאיות,"איסוזו - N2 משא למיכלי גפ""מ",חיפה וחוף הכרמל,490000,"49,000 ₪",2011,0 דקות 
674,משאיות,"רנו - 460 , 26 טון",מושבים בצפון,520000,לא צויין,2016,0 דקות 
675,משאיות,דאף - Lf,ירושלים והסביבה,130000,לא צויין,2010,0 דקות 
676,משאיות,סקניה - 380,מושבים בדרום,139999,לא צויין,2002,0 דקות 
677,משאיות,דאף - Daf,ירושלים והסביבה,50000,לא צויין,2019,0 דקות 
678,משאיות,מרצדס - ספרינטר,ירושלים והסביבה,25000,לא צויין,2020,0 דקות 
679,משאיות,וולוו - FE,רעננה - כפר סבא,207000,לא צויין,2013,0 דקות 
680,משאיות,איסוזו - איסוזו מנוף 10 טון,מושבים בשרון,480000,לא צויין,2011,0 דקות 
681,משאיות,סקניה - 580,קריות,400000,לא צויין,2016,0 דקות 
682,משאיות,מאן - Tgm,חיפה וחוף הכרמל,240000,"1,000 ₪",2014,0 דקות 
683,משאיות,דאף - 55,באר שבע והסביבה,500000,"110,000 ₪",2015,0 דקות 
684,משאיות,איווקו - ,זכרון - בנימינה,590000,"20,000 ₪",2000,0 דקות 
685,משאיות,וולוו - FH460,מושבים בדרום,445000,לא צויין,2017,0 דקות 
686,משאיות,וולוו - 460,טבריה והסביבה,395000,לא צויין,2016,0 דקות 
687,משאיות,"איסוזו - N2 משא למיכלי גפ""מ",חיפה וחוף הכרמל,490000,"49,000 ₪",2011,0 דקות 
688,משאיות,איווקו - דילי c15,אשדוד - אשקלון,200000,"65,000 ₪",2015,0 דקות 
689,משאיות,מרצדס - ספרינטר cdi,אשדוד - אשקלון,240000,"170,000 ₪",2017,0 דקות 
690,משאיות,וולוו - FL6,גליל ועמקים,110000,לא צויין,2015,0 דקות 
691,משאיות,סקניה - R380,אשדוד - אשקלון,280000,"30,000 ₪",2009,0 דקות 
692,משאיות,רנו - מאטר,מושבים בצפון,85000,"80,000 ₪",2018,0 דקות 
693,משאיות,איסוזו - 7.5 ton,זכרון - בנימינה,393000,לא צויין,2008,0 דקות 
694,משאיות,וולוו - fh500,באר שבע והסביבה,420000,לא צויין,2017,0 דקות 
695,משאיות,טויוטה - הינו,מושבים בצפון,450000,"52,000 ₪",2013,0 דקות 
696,משאיות,סקניה - 380,מושבים בדרום,139999,לא צויין,2002,0 דקות 
697,משאיות,דאף - 55,אשדוד - אשקלון,313000,"50,000 ₪",2001,0 דקות 
698,משאיות,מרצדס - אטגו 814,גדרה יבנה והסביבה,500000,"33,000 ₪",2001,0 דקות 
699,משאיות,רנו - 15 טון,אשדוד - אשקלון,295000,לא צויין,2012,0 דקות 
700,משאיות,איווקו - ,זכרון - בנימינה,590000,"20,000 ₪",2000,0 דקות 
701,משאיות,סקניה - P 400,רעננה - כפר סבא,222000,לא צויין,2010,5 ימים 
702,משאיות,"וולוו - A2 עד 125 סמ""ק/14 כ""ס",תל אביב,24000,"9,500 ₪",2019,4 ימים 
703,משאיות,וולוו - FH12,באר שבע והסביבה,450000,לא צויין,2017,4 ימים 
704,משאיות,סקניה - 580,קריות,400000,לא צויין,2016,0 דקות 
705,משאיות,טויוטה - hino,עמק יזרעאל,220000,לא צויין,2017,4 ימים 
706,משאיות,וולוו - fl 250,חיפה וחוף הכרמל,500000,לא צויין,2006,0 דקות 
707,משאיות,דאף - Xf 530,מושבים בצפון,125000,לא צויין,2020,5 ימים 
708,משאיות,סקניה - 440 דבל דבל שמונה על ארבע,נתניה והסביבה,126000,לא צויין,2011,5 ימים 
709,משאיות,מאן - ,אשדוד - אשקלון,211000,לא צויין,2016,5 ימים 
710,משאיות,וולוו - ,מושבים בצפון,343000,לא צויין,2009,0 דקות 
711,משאיות,איסוזו - 12 טון fsr,חולון - בת ים,520000,לא צויין,2009,5 ימים 
712,משאיות,מרצדס - אקטרוס,מושבים בצפון,14000,לא צויין,2021,4 ימים 
713,משאיות,דאף - Cf,רמלה - לוד,190000,לא צויין,2018,4 ימים 
714,משאיות,וולוו - Fh8x4,חדרה וישובי עמק חפר,360000,לא צויין,2014,4 ימים 
715,משאיות,וולוו - ,באר שבע והסביבה,198000,לא צויין,2019,5 ימים 
716,משאיות,רנו - Premium,באר שבע והסביבה,500000,לא צויין,2013,5 ימים 
717,משאיות,מאן - ,"ראשל""צ והסביבה",280000,לא צויין,2006,5 ימים 
718,משאיות,טויוטה - הינו,מושבים בצפון,450000,"52,000 ₪",2013,0 דקות 
719,משאיות,מרצדס - אטגו 814,גדרה יבנה והסביבה,500000,"33,000 ₪",2001,0 דקות 
720,משאיות,מאן - ,ירושלים והסביבה,1,לא צויין,2000,5 ימים 
721,משאיות,סקניה - R450,עמק יזרעאל,430000,"1,111 ₪",2015,6 ימים 
722,משאיות,וולוו - נתמך וילון קירור 13.60,גליל ועמקים,1000,לא צויין,2010,5 ימים 
723,משאיות,איווקו - 26 טון,זכרון - בנימינה,1,לא צויין,2014,5 ימים 
724,משאיות,איסוזו - 7.5,מושבים בשפלה,113000,"142,500 ₪",2018,6 ימים 
725,משאיות,איסוזו - ,רמלה - לוד,600000,"50,000 ₪",2000,6 ימים 
726,משאיות,מרצדס - ארקוס,באר שבע והסביבה,390000,לא צויין,2016,5 ימים 
727,משאיות,מרצדס - אקרתרוס,נס ציונה - רחובות,820000,"100,000 ₪",2010,5 ימים 
728,משאיות,שברולט - סילבראדו,עכו - נהריה,128000,"120,000 ₪",2017,6 ימים 
729,משאיות,איסוזו - סומו,בית שמש והסביבה,430000,"60,000 ₪",2010,6 ימים 
730,משאיות,סקניה - 32 טון,מושבים בצפון,430000,לא צויין,2009,6 ימים 
731,משאיות,"רנו - מידלום 18 טון מנוע 280 כ""ס",נתניה והסביבה,450000,לא צויין,2008,5 ימים 
732,משאיות,קנוורת’ - ,נתניה והסביבה,250000,"18,000 ₪",1997,6 ימים 
733,משאיות,סקניה - 260 18 טון,מושבים בצפון,300000,"28,000 ₪",2005,5 ימים 
734,משאיות,מיצובישי - פוסו קאנטר 7.5 טון,מושבים בצפון,190000,לא צויין,2015,5 ימים 
735,משאיות,מרצדס - Sprenter 519,מושבים בצפון,387400,"165,000 ₪",2017,5 ימים 
736,משאיות,רנו - מידלום מנוף ברזל/גזם 18 טון,גדרה יבנה והסביבה,330000,"64,000 ₪",2008,5 ימים 
737,משאיות,רנו - מידליום,יישובי השומרון,240000,"60,000 ₪",2005,5 ימים 
738,משאיות,וולוו - סוס 4*6 קפיצים ידני TL-460,אשדוד - אשקלון,93000,"1,000 ₪",2019,5 ימים 
739,משאיות,איסוזו - ,חולון - בת ים,280000,לא צויין,2012,5 ימים 
740,משאיות,טויוטה - ,מושבים במרכז,16000,לא צויין,2021,6 ימים 
741,משאיות,סקניה - 440 6/4,עמק יזרעאל,720000,לא צויין,2011,6 ימים 
742,משאיות,פולקסווגן - קרפטר,תל אביב,75000,לא צויין,2021,6 ימים 
743,משאיות,סקניה - R450,עמק יזרעאל,430000,"1,111 ₪",2015,6 ימים 
744,משאיות,מאן - משא להובלת רכב,נתניה והסביבה,180000,לא צויין,2013,7 ימים 
745,משאיות,איסוזו - סומו 7.5 טון,זכרון - בנימינה,300000,"105,000 ₪",2015,6 ימים 
746,משאיות,איווקו - 410,עכו - נהריה,1,לא צויין,2016,6 ימים 
747,משאיות,דאף - ,גדרה יבנה והסביבה,370000,לא צויין,2010,6 ימים 
748,משאיות,סקניה - 6/2 440,עמק יזרעאל,480000,לא צויין,2013,6 ימים 
749,משאיות,מרצדס - ,קריות,438000,לא צויין,2008,6 ימים 
750,משאיות,וולוו - Fh450,מושבים בצפון,450000,לא צויין,2016,6 ימים 
751,משאיות,סקניה - סוס סנגל,מושבים בצפון,430,לא צויין,2016,7 ימים 
752,משאיות,מרצדס - 815,מושבים בצפון,441166,"120,000 ₪",2002,6 ימים 
753,משאיות,רנו - C520,מושבים בצפון,1000,לא צויין,2022,6 ימים 
754,משאיות,איסוזו - ,רמלה - לוד,600000,"50,000 ₪",2000,6 ימים 
755,משאיות,שברולט - סילבראדו,עכו - נהריה,128000,"120,000 ₪",2017,6 ימים 
756,משאיות,רנו - 380,עכו - נהריה,160000,לא צויין,2013,6 ימים 
757,משאיות,סקניה - 32 טון,מושבים בצפון,430000,לא צויין,2009,6 ימים 
758,משאיות,רנו - ,גדרה יבנה והסביבה,280000,לא צויין,2016,6 ימים 
759,משאיות,רנו - מידלום 15 טון,עכו - נהריה,500000,לא צויין,2016,6 ימים 
760,משאיות,איסוזו - סומו,מושבים בשרון,220000,לא צויין,2006,8 ימים 
761,משאיות,וולוו - Fh13,מושבים בצפון,680000,לא צויין,2014,7 ימים 
762,משאיות,סקניה - 400,רעננה - כפר סבא,600000,"180,000 ₪",2011,7 ימים 
763,משאיות,וולוו - FH,מושבים בדרום,650000,לא צויין,2013,9 ימים 
764,משאיות,איווקו - 450,רעננה - כפר סבא,450000,"175,000 ₪",2012,7 ימים 
765,משאיות,מאן - TGS,גדרה יבנה והסביבה,360000,"85,000 ₪",2009,8 ימים 
766,משאיות,סקניה - P400,מושבים בצפון,10000,לא צויין,2012,9 ימים 
767,משאיות,סקניה - R450,טבריה והסביבה,690000,"145,000 ₪",2015,8 ימים 
768,משאיות,רנו - פרימיום,תל אביב,2000,לא צויין,2004,8 ימים 
769,משאיות,איסוזו - 12 טון,ירושלים והסביבה,102000,לא צויין,2018,8 ימים 
770,משאיות,מרצדס - 815,מושבים בצפון,441166,"120,000 ₪",2002,6 ימים 
771,משאיות,סקניה - R 440,מושבים בצפון,710000,לא צויין,2013,9 ימים 
772,משאיות,איווקו - משא תומך,חיפה וחוף הכרמל,290000,"195,000 ₪",2017,8 ימים 
773,משאיות,דאף - Lf,קריות,80000,"300,000 ₪",2017,8 ימים 
774,משאיות,סקניה - סוס סנגל,מושבים בצפון,430,לא צויין,2016,7 ימים 
775,משאיות,ניסאן - Cabstar,באר שבע והסביבה,380000,לא צויין,2010,9 ימים 
776,משאיות,מאן - 420 מערבל בטון,נתניה והסביבה,66300,לא צויין,2020,8 ימים 
777,משאיות,מאן - ,מושבים בצפון,35000,לא צויין,2021,7 ימים 
778,משאיות,מיצובישי - קאנטר,רמלה - לוד,344000,"46,000 ₪",2008,8 ימים 
779,משאיות,רנו - 12טון,באר שבע והסביבה,380000,לא צויין,2009,8 ימים 
780,משאיות,רנו - מידלום 280+מנוף פאסי 235+פרק,רמת גן - גבעתיים,100000,"270,000 ₪",2015,9 ימים 
781,משאיות,מאן - TGM 15 250BB,עכו - נהריה,375000,"65,000 ₪",2010,9 ימים 
782,משאיות,מיצובישי - פוסו,רעננה - כפר סבא,60000,"200,000 ₪",2016,9 ימים 
783,משאיות,איווקו - 65c18d,מושבים בשרון,334483,"30,000 ₪",2008,9 ימים 
784,משאיות,וולוו - Fh 460 EURO 6,מושבים בצפון,123456789,"1,000 ₪",2018,9 ימים 
785,משאיות,איווקו - 40c13 רישיון ב,גליל ועמקים,120000,"40,000 ₪",2001,9 ימים 
786,משאיות,מאן - Tgs26360,באר שבע והסביבה,630000,"130,000 ₪",2014,9 ימים 
787,משאיות,איסוזו - ,קריות,390000,"95,000 ₪",2014,9 ימים 
788,משאיות,סקניה - 360,רמת השרון - הרצליה,200000,"90,000 ₪",2001,9 ימים 
789,משאיות,מאן - ,באר שבע והסביבה,400000,לא צויין,2009,9 ימים 
790,משאיות,מיצובישי - קנטר,גדרה יבנה והסביבה,500000,"27,000 ₪",2015,9 ימים 
791,משאיות,פיג’ו - בוקסר ארוך גבוה  דיזל,חולון - בת ים,109000,"70,000 ₪",2015,9 ימים 
792,משאיות,איסוזו - NPR75,רעננה - כפר סבא,200000,"110,000 ₪",2013,9 ימים 
793,משאיות,איסוזו - סומו 7.5,אשדוד - אשקלון,177000,"142,000 ₪",2018,9 ימים 
794,משאיות,פולקסווגן - Lt46,קריות,330000,"30,000 ₪",2006,9 ימים 
795,משאיות,פורד - S4U,באר שבע והסביבה,12100,לא צויין,2017,9 ימים 
796,משאיות,שברולט - סילברדו,רעננה - כפר סבא,226500,"97,100 ₪",2017,9 ימים 
797,משאיות,דאף - 45.180,כרמיאל והסביבה,560000,"68,000 ₪",2008,9 ימים 
798,משאיות,מיצובישי - Canter,אשדוד - אשקלון,226000,"65,000 ₪",2010,9 ימים 
799,משאיות,וולוו - FH6*4,אשדוד - אשקלון,430000,לא צויין,2012,9 ימים 
